create_time,area,name,type,star_rating,review_sum,address,mon_opening_hours,mon_last_order_time,tue_opening_hours,tue_last_order_time,wed_opening_hours,wed_last_order_time,thu_opening_hours,thu_last_order_time,fri_opening_hours,fri_last_order_time,sat_opening_hours,sat_last_order_time,sun_opening_hours,sun_last_order_time,contact
2023-08-07 11:12:29,yeoksamdong,소와루,이자카야,0.0,11,서울 강남구 논현로87길 41 1층 105호 신일유토빌,12:00-29:00,04:30,12:00-29:00,04:30,12:00-29:00,04:30,12:00-29:00,04:30,12:00-29:00,04:30,12:00-29:00,04:30,12:00-29:00,04:30,0507-1491-0600
2023-08-07 11:12:29,yeoksamdong,부엉이산장 강남점,요리주점,0.0,802,서울 강남구 테헤란로1길 28-11 1층,11:30-25:30,00:30,11:30-25:30,00:30,11:30-25:30,00:30,11:30-25:30,00:30,11:30-25:30,00:30,11:30-25:30,00:30,11:30-25:30,00:30,0507-1312-9901
2023-08-07 11:12:29,yeoksamdong,밤별 포차 라운지 본점,요리주점,0.0,267,"서울 강남구 강남대로102길 13-8 1층, 2층",15:00-26:00,정보 없음,15:00-26:00,정보 없음,15:00-26:00,정보 없음,15:00-26:00,정보 없음,15:00-26:00,정보 없음,15:00-26:00,정보 없음,15:00-26:00,정보 없음,0507-1350-0024
2023-08-07 11:12:29,yeoksamdong,소보키 강남점,요리주점,0.0,정보 없음,서울 강남구 봉은사로18길 80 1층,11:30-24:00,14:00 - 15:00 브레이크타임,11:30-24:00,14:00 - 15:00 브레이크타임,11:30-24:00,14:00 - 15:00 브레이크타임,11:30-24:00,14:00 - 15:00 브레이크타임,11:30-24:00,14:00 - 15:00 브레이크타임,11:30-24:00,14:00 - 15:00 브레이크타임,11:30-24:00,14:00 - 15:00 브레이크타임,0507-1353-0094
2023-08-07 11:12:29,yeoksamdong,츄라우미 역삼본점,이자카야,4.43,정보 없음,서울 강남구 언주로93길 21 남전타운,17:30-27:00,정보 없음,17:30-27:00,정보 없음,17:30-27:00,정보 없음,17:30-27:00,정보 없음,17:30-27:00,정보 없음,17:30-27:00,정보 없음,휴무,정보 없음,0507-1425-7771
2023-08-07 11:12:29,yeoksamdong,수지상회 강남1호점,요리주점,0.0,정보 없음,서울 강남구 테헤란로1길 17 2층,16:00-29:00,정보 없음,16:00-29:00,정보 없음,16:00-29:00,정보 없음,16:00-29:00,정보 없음,16:00-29:00,정보 없음,15:00-29:00,정보 없음,15:00-29:00,정보 없음,0507-1366-6974
2023-08-07 11:12:29,yeoksamdong,엠투포차 강남역점,요리주점,4.88,정보 없음,서울 강남구 테헤란로1길 28-5 지상1층,11:00-27:00,정보 없음,11:00-27:00,정보 없음,11:00-27:00,정보 없음,11:00-27:00,정보 없음,11:00-27:00,정보 없음,11:00-27:00,정보 없음,15:00-27:00,정보 없음,0507-1330-0282
2023-08-07 11:12:29,yeoksamdong,랭맥,"맥주,호프",4.3,928,서울 강남구 강남대로78길 8 2층,17:00-26:00,01:00,17:00-26:00,01:00,17:00-26:00,01:00,17:00-26:00,01:00,17:00-26:00,01:00,17:00-26:00,01:00,휴무,01:00,0507-1315-2129
2023-08-07 11:12:29,yeoksamdong,왕스펍,"맥주,호프",4.4,1324,서울 강남구 강남대로98길 11 메트로빌딩 1층,14:00-25:00,00:30,14:00-25:00,00:30,14:00-25:00,00:30,14:00-25:00,00:30,14:00-25:00,00:30,14:00-25:00,00:30,14:00-25:00,00:30,0507-1396-2888
2023-08-07 11:12:29,yeoksamdong,블루문 탭하우스,"맥주,호프",4.61,503,서울 강남구 언주로94길 5 1층 블루문탭하우스,11:30-24:00,15:00 - 17:00 브레이크타임,11:30-24:00,15:00 - 17:00 브레이크타임,11:30-24:00,15:00 - 17:00 브레이크타임,11:30-24:00,15:00 - 17:00 브레이크타임,11:30-24:00,15:00 - 17:00 브레이크타임,18:00-23:00,21:30,휴무,15:00 - 17:00 브레이크타임,0507-1397-0340
2023-08-07 11:12:29,yeoksamdong,나즈드라비,"맥주,호프",4.65,1079,서울 강남구 강남대로 442 흥국생명빌딩,14:30-26:00,정보 없음,14:30-26:00,정보 없음,14:30-26:00,정보 없음,14:30-26:00,정보 없음,14:30-27:00,정보 없음,14:30-26:00,정보 없음,14:00-25:00,정보 없음,0507-1307-5093
2023-08-07 11:12:29,yeoksamdong,뉴홍콩,요리주점,0.0,583,서울 강남구 봉은사로2길 16 2층 뉴홍콩,11:30-24:00,15:00 - 17:00 브레이크타임,11:30-24:00,15:00 - 17:00 브레이크타임,11:30-24:00,15:00 - 17:00 브레이크타임,11:30-24:00,15:00 - 17:00 브레이크타임,11:30-24:00,15:00 - 17:00 브레이크타임,11:30-24:00,15:00 - 17:00 브레이크타임,17:00-24:00,15:00 - 17:00 브레이크타임,0507-1327-1932
2023-08-07 11:12:29,yeoksamdong,강남비치,"맥주,호프",0.0,177,서울 강남구 강남대로96길 20 혜진빌딩 2층,17:00-26:00,정보 없음,17:00-26:00,정보 없음,17:00-26:00,정보 없음,17:00-26:00,정보 없음,17:00-26:00,정보 없음,17:00-26:00,정보 없음,17:00-26:00,정보 없음,02-552-9662
2023-08-07 11:12:29,yeoksamdong,낙타브루잉,"맥주,호프",4.22,662,서울 강남구 강남대로106길 14 지하1층,17:00-24:00,정보 없음,17:00-24:00,정보 없음,17:00-24:00,정보 없음,17:00-24:00,정보 없음,17:00-25:00,정보 없음,16:00-25:00,정보 없음,16:00-24:00,정보 없음,02-6015-8500
2023-08-07 11:12:29,yeoksamdong,29펍 Tokyo Elegant 4호점,요리주점,4.6,611,서울 강남구 강남대로110길 14,18:00-26:00,00:30,18:00-26:00,00:30,18:00-26:00,00:30,18:00-26:00,00:30,18:00-27:00,01:30,18:00-27:00,01:30,18:00-26:00,00:30,0507-1306-2904
2023-08-07 11:12:29,yeoksamdong,너무한육회연어,요리주점,4.56,1434,서울 강남구 테헤란로1길 19 B2,16:00-24:00,22:50,16:00-24:00,22:50,16:00-24:00,22:50,16:00-24:00,22:50,16:00-24:00,22:50,16:00-24:00,22:50,16:00-24:00,22:50,02-557-8885
2023-08-07 11:12:29,yeoksamdong,아이러브펍,"맥주,호프",4.46,1086,서울 강남구 테헤란로4길 45 1층 아이러브펍,15:00-27:00,정보 없음,15:00-27:00,정보 없음,15:00-27:00,정보 없음,15:00-28:00,정보 없음,15:00-28:00,정보 없음,15:00-28:00,정보 없음,15:00-26:00,정보 없음,0507-1396-8028
2023-08-07 11:12:29,yeoksamdong,경성야시장,이자카야,4.05,679,서울 강남구 강남대로98길 16,16:30-26:30,정보 없음,16:30-26:30,정보 없음,16:30-26:30,정보 없음,16:30-26:30,정보 없음,16:30-26:30,정보 없음,16:30-26:30,정보 없음,16:30-26:30,정보 없음,0507-1406-7557
2023-08-07 11:12:29,yeoksamdong,센민이자카야,이자카야,4.32,562,서울 강남구 테헤란로25길 35,11:30-24:30,14:00 - 17:30 브레이크타임,11:30-24:30,14:00 - 17:30 브레이크타임,11:30-24:30,14:00 - 17:30 브레이크타임,11:30-24:30,14:00 - 17:30 브레이크타임,11:30-24:30,14:00 - 17:30 브레이크타임,17:30-24:30,정보 없음,휴무,14:00 - 17:30 브레이크타임,02-555-8160
2023-08-07 11:12:29,yeoksamdong,켄홈1991,이자카야,4.75,250,서울 강남구 역삼로 109 SK허브젠 1층 104호 켄홈1991,17:00-25:00,정보 없음,17:00-25:00,정보 없음,17:00-25:00,정보 없음,17:00-25:00,정보 없음,17:00-26:00,정보 없음,17:00-26:00,정보 없음,휴무,정보 없음,010-3239-7594
2023-08-07 11:12:29,yeoksamdong,센야 본점,이자카야,4.55,310,서울 강남구 역삼로9길 25 1층,정보 없음,정보 없음,17:00-24:00,정보 없음,17:00-24:00,정보 없음,17:00-24:00,정보 없음,17:00-24:00,정보 없음,17:00-24:00,정보 없음,휴무,정보 없음,02-538-5827
2023-08-07 11:12:29,yeoksamdong,29펍 UK Classic 2호점,요리주점,4.4,877,서울 강남구 테헤란로1길 26,18:00-26:00,정보 없음,18:00-26:00,정보 없음,18:00-26:00,정보 없음,18:00-26:00,정보 없음,18:00-27:00,정보 없음,18:00-27:00,정보 없음,18:00-26:00,정보 없음,0507-1395-2902
2023-08-07 11:12:29,yeoksamdong,케그샵프리미엄수제맥주&전통주셀렉샵 강남점,"맥주,호프",0.0,48,서울 강남구 강남대로94길 55-3 1층,17:00-25:00,정보 없음,17:00-25:00,정보 없음,17:00-25:00,정보 없음,17:00-25:00,정보 없음,17:00-25:00,정보 없음,17:00-25:00,정보 없음,휴무,정보 없음,0507-1332-0990
2023-08-07 11:12:29,yeoksamdong,싼술의 전당,포장마차,4.57,336,서울 강남구 강남대로96길 13 지하1층,16:00-26:00,정보 없음,16:00-26:00,정보 없음,16:00-26:00,정보 없음,16:00-26:00,정보 없음,16:00-28:00,정보 없음,16:00-28:00,정보 없음,16:00-26:00,정보 없음,0507-1436-0057
2023-08-07 11:12:29,yeoksamdong,아이리쉬펍 더블린,"맥주,호프",4.04,1102,서울 강남구 강남대로 442 별관 2층,15:00-25:00,정보 없음,15:00-25:00,정보 없음,15:00-25:00,정보 없음,15:00-25:00,정보 없음,15:00-26:00,정보 없음,14:00-26:00,정보 없음,14:00-24:00,정보 없음,02-561-3281
2023-08-07 11:12:29,yeoksamdong,456포차,포장마차,0.0,142,서울 강남구 테헤란로6길 37,16:00-26:30,01:00,16:00-26:30,01:00,16:00-26:30,01:00,16:00-26:30,01:00,16:00-26:30,01:00,16:00-25:30,00:00,휴무,01:00,0507-1496-1818
2023-08-07 11:12:29,yeoksamdong,단골손님 강남1호점,요리주점,0.0,664,서울 강남구 테헤란로1길 40 2층,16:00-28:00,정보 없음,16:00-28:00,정보 없음,16:00-28:00,정보 없음,16:00-28:00,정보 없음,16:00-28:00,정보 없음,16:00-28:00,정보 없음,16:00-28:00,정보 없음,0507-1347-9470
2023-08-07 11:12:29,yeoksamdong,경복이모네포차 역삼본점,요리주점,4.52,208,서울 강남구 봉은사로44길 5 1층,17:30-29:00,정보 없음,17:30-29:00,정보 없음,17:30-29:00,정보 없음,17:30-29:00,정보 없음,17:30-29:00,정보 없음,17:30-29:00,정보 없음,휴무,정보 없음,02-562-8842
2023-08-07 11:12:29,yeoksamdong,구시야끼에독코,이자카야,4.56,227,서울 강남구 역삼로 129,18:00-26:00,정보 없음,18:00-26:00,정보 없음,18:00-26:00,정보 없음,18:00-26:00,정보 없음,18:00-26:00,정보 없음,18:00-26:00,정보 없음,휴무,정보 없음,070-7750-6808
2023-08-07 11:12:29,yeoksamdong,이도,이자카야,4.65,329,서울 강남구 논현로75길 7 1층,18:00-24:00,정보 없음,18:00-24:00,정보 없음,18:00-24:00,정보 없음,18:00-24:00,정보 없음,18:00-24:00,정보 없음,18:00-24:00,정보 없음,휴무,정보 없음,0507-1470-0034
2023-08-07 11:12:29,yeoksamdong,켄홈 강남2호점,이자카야,0.0,108,서울 강남구 역삼로1길 18 1층 켄홈,16:00-26:00,정보 없음,16:00-26:00,정보 없음,16:00-26:00,정보 없음,16:00-26:00,정보 없음,16:00-26:00,정보 없음,16:00-26:00,정보 없음,16:00-26:00,정보 없음,0507-1361-8332
2023-08-07 11:12:29,yeoksamdong,토리니쿠,이자카야,4.32,138,서울 강남구 역삼로4길 16 1층,15:00-27:00,정보 없음,15:00-27:00,정보 없음,15:00-27:00,정보 없음,15:00-27:00,정보 없음,15:00-27:00,정보 없음,15:00-27:00,정보 없음,휴무,정보 없음,0507-1335-6088
2023-08-07 11:12:29,yeoksamdong,엘라,"맥주,호프",4.45,773,서울 강남구 테헤란로5길 36 1층 엘라,휴무,정보 없음,12:00-23:00,15:00 - 17:00 브레이크타임,12:00-23:00,15:00 - 17:00 브레이크타임,12:00-23:00,15:00 - 17:00 브레이크타임,12:00-24:00,정보 없음,12:00-24:00,정보 없음,12:00-22:00,정보 없음,02-6052-8831
2023-08-07 11:12:29,yeoksamdong,강남일미포차,포장마차,4.35,299,서울 강남구 강남대로96길 15 1층,15:00-26:00,01:30,15:00-26:00,01:30,15:00-26:00,01:30,15:00-26:00,01:30,15:00-26:00,01:30,15:00-26:00,01:30,15:00-24:00,01:30,02-561-9222
2023-08-07 11:12:29,yeoksamdong,요술포차역삼점,요리주점,4.34,567,서울 강남구 테헤란로19길 5 지하1층,16:30-26:00,01:00,16:30-26:00,01:00,16:30-26:00,01:00,16:30-26:00,01:00,16:30-26:00,01:00,16:30-26:00,01:00,16:00-24:30,01:00,02-564-9939
2023-08-07 11:12:29,yeoksamdong,나즈드라비,"맥주,호프",4.31,638,서울 강남구 테헤란로1길 28-6 제이빌딩 지하 1층,15:00-26:00,정보 없음,15:00-26:00,정보 없음,15:00-26:00,정보 없음,15:00-26:00,정보 없음,15:00-26:00,정보 없음,15:00-27:00,정보 없음,15:00-24:00,정보 없음,02-558-0053
2023-08-07 11:12:29,yeoksamdong,다슬음,요리주점,0.0,334,서울 강남구 강남대로62길 23 역삼빌딩 1층 다슬음 요리주점,17:00-27:00,정보 없음,17:00-27:00,정보 없음,17:00-27:00,정보 없음,17:00-27:00,정보 없음,17:00-27:00,정보 없음,17:00-27:00,정보 없음,휴무,정보 없음,0507-1484-3401
2023-08-07 11:12:29,yeoksamdong,마린3스토리,포장마차,4.77,428,서울 강남구 논현로71길 5,17:30-24:00,23:00,17:30-24:00,23:00,17:30-24:00,23:00,17:30-24:00,23:00,17:30-24:00,23:00,17:00-24:00,23:00,휴무,23:00,02-538-7890
2023-08-07 11:12:29,yeoksamdong,홍대주막,요리주점,4.41,284,서울 강남구 강남대로98길 12-5 3층,15:00-26:00,정보 없음,15:00-26:00,정보 없음,15:00-26:00,정보 없음,15:00-26:00,정보 없음,15:00-26:00,정보 없음,15:00-26:00,정보 없음,15:00-26:00,정보 없음,0507-1314-8730
2023-08-07 11:12:29,yeoksamdong,싼술의 전당,포장마차,4.57,336,서울 강남구 강남대로96길 13 지하1층,16:00-26:00,정보 없음,16:00-26:00,정보 없음,16:00-26:00,정보 없음,16:00-26:00,정보 없음,16:00-28:00,정보 없음,16:00-28:00,정보 없음,16:00-26:00,정보 없음,0507-1436-0057
2023-08-07 11:12:29,yeoksamdong,미인이자카야포차,포장마차,4.21,443,서울 강남구 테헤란로1길 16 삼원빌딩 지하 1층,16:30-28:30,정보 없음,16:30-28:30,정보 없음,16:30-28:30,정보 없음,16:30-28:30,정보 없음,16:30-28:30,정보 없음,16:30-28:30,정보 없음,16:30-28:30,정보 없음,02-554-8686
2023-08-07 11:12:29,yeoksamdong,부엉이산장 강남점,요리주점,0.0,802,서울 강남구 테헤란로1길 28-11 1층,11:30-25:30,00:30,11:30-25:30,00:30,11:30-25:30,00:30,11:30-25:30,00:30,11:30-25:30,00:30,11:30-25:30,00:30,11:30-25:30,00:30,0507-1312-9901
2023-08-07 11:12:29,yeoksamdong,용용선생 강남역점,요리주점,4.61,1518,서울 강남구 강남대로96길 17,17:00-25:00,00:00,17:00-25:00,00:00,17:00-25:00,00:00,17:00-25:00,00:00,17:00-25:00,00:00,17:00-25:00,00:00,17:00-25:00,00:00,0507-1395-5369
2023-08-07 11:12:29,yeoksamdong,퓨전술집U,요리주점,0.0,214,서울 강남구 봉은사로2길 16 1층,17:00-27:00,02:00,17:00-27:00,02:00,17:00-27:00,02:00,17:00-27:00,02:00,17:00-27:00,02:00,17:00-27:00,02:00,17:00-27:00,02:00,0507-1370-9135
2023-08-07 11:12:29,yeoksamdong,아리네술상,이자카야,4.57,373,서울 강남구 논현로94길 11 지하 1층,11:30-25:00,정보 없음,11:30-25:00,정보 없음,11:30-25:00,정보 없음,11:30-25:00,정보 없음,11:30-25:00,정보 없음,17:00-25:00,03:00 - 17:00 브레이크타임,휴무,정보 없음,02-501-9297
2023-08-07 11:12:29,yeoksamdong,이자카야겸 2호점,이자카야,0.0,164,서울 강남구 논현로64길 33 1층 이자카야겸2호점,16:00-26:00,01:30,16:00-26:00,01:30,16:00-26:00,01:30,16:00-26:00,01:30,16:00-26:00,01:30,16:00-26:00,01:30,16:00-22:00,01:30,0507-1370-1414
2023-08-07 11:12:29,yeoksamdong,아트몬스터 강남역점,"맥주,호프",4.55,정보 없음,서울 강남구 테헤란로1길 28-3,17:00-25:00,정보 없음,17:00-25:00,정보 없음,17:00-25:00,정보 없음,17:00-25:00,정보 없음,17:00-25:00,정보 없음,15:00-25:00,정보 없음,15:00-23:00,정보 없음,0507-1336-6110
2023-08-07 11:12:29,yeoksamdong,코다차야 강남점,이자카야,4.37,정보 없음,서울 강남구 강남대로 468 충림빌딩 지하2층 코다차야강남점,17:00-24:00,정보 없음,17:00-24:00,정보 없음,17:00-24:00,정보 없음,17:00-24:00,정보 없음,17:00-25:00,정보 없음,17:00-25:00,정보 없음,17:00-24:00,정보 없음,02-3453-6666
2023-08-07 11:12:29,yeoksamdong,포차테라스,"맥주,호프",0.0,289,서울 강남구 강남대로98길 9 3층,정보 없음,정보 없음,정보 없음,정보 없음,정보 없음,정보 없음,정보 없음,정보 없음,정보 없음,정보 없음,정보 없음,정보 없음,정보 없음,정보 없음,0507-1351-7858
2023-08-07 11:12:29,yeoksamdong,한라맥주 강남점,"맥주,호프",0.0,정보 없음,서울 강남구 봉은사로18길 90 1층,16:00-27:00,정보 없음,16:00-27:00,정보 없음,16:00-27:00,정보 없음,16:00-27:00,정보 없음,15:00-28:00,정보 없음,14:00-28:00,정보 없음,14:00-26:00,정보 없음,0507-1317-1789
2023-08-07 11:12:29,yeoksamdong,야다이,이자카야,4.3,387,서울 강남구 테헤란로1길 28-1,13:00-27:00,정보 없음,13:00-27:00,정보 없음,13:00-27:00,정보 없음,13:00-27:00,정보 없음,13:00-27:00,정보 없음,13:00-29:00,정보 없음,13:00-29:00,정보 없음,02-561-9927
2023-08-07 11:12:29,yeoksamdong,이자카야 겸,이자카야,4.42,209,서울 강남구 도곡로27길 3 1층 이자카야겸,16:30-27:00,02:15,16:30-27:00,02:15,16:30-27:00,02:15,16:30-27:00,02:15,16:30-27:00,02:15,16:30-27:00,02:15,16:30-27:00,02:15,0507-1355-2042
2023-08-07 11:12:29,yeoksamdong,이자카야나무 강남역CGV점,이자카야,0.0,364,서울 강남구 강남대로 442 2층,15:30-29:00,04:30,15:30-29:00,04:30,15:30-29:00,04:30,15:30-29:00,04:30,15:30-29:00,04:30,15:30-29:00,04:30,15:30-29:00,04:30,0507-1436-6787
2023-08-07 11:12:29,yeoksamdong,더 간사이,이자카야,4.33,288,서울 강남구 논현로85길 35 세하빌딩 1층 더 간사이,16:00-26:00,01:00,16:00-26:00,01:00,16:00-26:00,01:00,16:00-26:00,01:00,16:00-26:00,01:00,16:00-26:00,01:00,16:00-26:00,01:00,0507-1426-3342
2023-08-07 11:12:29,yeoksamdong,소와루,이자카야,0.0,11,서울 강남구 논현로87길 41 1층 105호 신일유토빌,12:00-29:00,04:30,12:00-29:00,04:30,12:00-29:00,04:30,12:00-29:00,04:30,12:00-29:00,04:30,12:00-29:00,04:30,12:00-29:00,04:30,0507-1491-0600
2023-08-07 11:12:29,yeoksamdong,부엉이산장 강남점,요리주점,0.0,802,서울 강남구 테헤란로1길 28-11 1층,11:30-25:30,00:30,11:30-25:30,00:30,11:30-25:30,00:30,11:30-25:30,00:30,11:30-25:30,00:30,11:30-25:30,00:30,11:30-25:30,00:30,0507-1312-9901
2023-08-07 11:12:29,yeoksamdong,밤별 포차 라운지 본점,요리주점,0.0,267,"서울 강남구 강남대로102길 13-8 1층, 2층",15:00-26:00,정보 없음,15:00-26:00,정보 없음,15:00-26:00,정보 없음,15:00-26:00,정보 없음,15:00-26:00,정보 없음,15:00-26:00,정보 없음,15:00-26:00,정보 없음,0507-1350-0024
2023-08-07 11:12:29,yeoksamdong,소보키 강남점,요리주점,0.0,정보 없음,서울 강남구 봉은사로18길 80 1층,11:30-24:00,14:00 - 15:00 브레이크타임,11:30-24:00,14:00 - 15:00 브레이크타임,11:30-24:00,14:00 - 15:00 브레이크타임,11:30-24:00,14:00 - 15:00 브레이크타임,11:30-24:00,14:00 - 15:00 브레이크타임,11:30-24:00,14:00 - 15:00 브레이크타임,11:30-24:00,14:00 - 15:00 브레이크타임,0507-1353-0094
2023-08-07 11:12:29,yeoksamdong,츄라우미 역삼본점,이자카야,4.43,정보 없음,서울 강남구 언주로93길 21 남전타운,17:30-27:00,정보 없음,17:30-27:00,정보 없음,17:30-27:00,정보 없음,17:30-27:00,정보 없음,17:30-27:00,정보 없음,17:30-27:00,정보 없음,휴무,정보 없음,0507-1425-7771
2023-08-07 11:12:29,yeoksamdong,수지상회 강남1호점,요리주점,0.0,정보 없음,서울 강남구 테헤란로1길 17 2층,16:00-29:00,정보 없음,16:00-29:00,정보 없음,16:00-29:00,정보 없음,16:00-29:00,정보 없음,16:00-29:00,정보 없음,15:00-29:00,정보 없음,15:00-29:00,정보 없음,0507-1366-6974
2023-08-07 11:12:29,yeoksamdong,엠투포차 강남역점,요리주점,4.88,정보 없음,서울 강남구 테헤란로1길 28-5 지상1층,11:00-27:00,정보 없음,11:00-27:00,정보 없음,11:00-27:00,정보 없음,11:00-27:00,정보 없음,11:00-27:00,정보 없음,11:00-27:00,정보 없음,15:00-27:00,정보 없음,0507-1330-0282
2023-08-07 11:12:29,yeoksamdong,랭맥,"맥주,호프",4.3,928,서울 강남구 강남대로78길 8 2층,17:00-26:00,01:00,17:00-26:00,01:00,17:00-26:00,01:00,17:00-26:00,01:00,17:00-26:00,01:00,17:00-26:00,01:00,휴무,01:00,0507-1315-2129
2023-08-07 11:12:29,yeoksamdong,왕스펍,"맥주,호프",4.4,1324,서울 강남구 강남대로98길 11 메트로빌딩 1층,14:00-25:00,00:30,14:00-25:00,00:30,14:00-25:00,00:30,14:00-25:00,00:30,14:00-25:00,00:30,14:00-25:00,00:30,14:00-25:00,00:30,0507-1396-2888
2023-08-07 11:12:29,yeoksamdong,블루문 탭하우스,"맥주,호프",4.61,503,서울 강남구 언주로94길 5 1층 블루문탭하우스,11:30-24:00,15:00 - 17:00 브레이크타임,11:30-24:00,15:00 - 17:00 브레이크타임,11:30-24:00,15:00 - 17:00 브레이크타임,11:30-24:00,15:00 - 17:00 브레이크타임,11:30-24:00,15:00 - 17:00 브레이크타임,18:00-23:00,21:30,휴무,15:00 - 17:00 브레이크타임,0507-1397-0340
2023-08-07 11:12:29,yeoksamdong,나즈드라비,"맥주,호프",4.65,1079,서울 강남구 강남대로 442 흥국생명빌딩,14:30-26:00,정보 없음,14:30-26:00,정보 없음,14:30-26:00,정보 없음,14:30-26:00,정보 없음,14:30-27:00,정보 없음,14:30-26:00,정보 없음,14:00-25:00,정보 없음,0507-1307-5093
2023-08-07 11:12:29,yeoksamdong,뉴홍콩,요리주점,0.0,583,서울 강남구 봉은사로2길 16 2층 뉴홍콩,11:30-24:00,15:00 - 17:00 브레이크타임,11:30-24:00,15:00 - 17:00 브레이크타임,11:30-24:00,15:00 - 17:00 브레이크타임,11:30-24:00,15:00 - 17:00 브레이크타임,11:30-24:00,15:00 - 17:00 브레이크타임,11:30-24:00,15:00 - 17:00 브레이크타임,17:00-24:00,15:00 - 17:00 브레이크타임,0507-1327-1932
2023-08-07 11:12:29,yeoksamdong,강남비치,"맥주,호프",0.0,177,서울 강남구 강남대로96길 20 혜진빌딩 2층,17:00-26:00,정보 없음,17:00-26:00,정보 없음,17:00-26:00,정보 없음,17:00-26:00,정보 없음,17:00-26:00,정보 없음,17:00-26:00,정보 없음,17:00-26:00,정보 없음,02-552-9662
2023-08-07 11:12:29,yeoksamdong,낙타브루잉,"맥주,호프",4.22,662,서울 강남구 강남대로106길 14 지하1층,17:00-24:00,정보 없음,17:00-24:00,정보 없음,17:00-24:00,정보 없음,17:00-24:00,정보 없음,17:00-25:00,정보 없음,16:00-25:00,정보 없음,16:00-24:00,정보 없음,02-6015-8500
2023-08-07 11:12:29,yeoksamdong,29펍 Tokyo Elegant 4호점,요리주점,4.6,611,서울 강남구 강남대로110길 14,18:00-26:00,00:30,18:00-26:00,00:30,18:00-26:00,00:30,18:00-26:00,00:30,18:00-27:00,01:30,18:00-27:00,01:30,18:00-26:00,00:30,0507-1306-2904
2023-08-07 11:12:29,yeoksamdong,너무한육회연어,요리주점,4.56,1434,서울 강남구 테헤란로1길 19 B2,16:00-24:00,22:50,16:00-24:00,22:50,16:00-24:00,22:50,16:00-24:00,22:50,16:00-24:00,22:50,16:00-24:00,22:50,16:00-24:00,22:50,02-557-8885
2023-08-07 11:12:29,yeoksamdong,아이러브펍,"맥주,호프",4.46,1086,서울 강남구 테헤란로4길 45 1층 아이러브펍,15:00-27:00,정보 없음,15:00-27:00,정보 없음,15:00-27:00,정보 없음,15:00-28:00,정보 없음,15:00-28:00,정보 없음,15:00-28:00,정보 없음,15:00-26:00,정보 없음,0507-1396-8028
2023-08-07 11:12:29,yeoksamdong,경성야시장,이자카야,4.05,679,서울 강남구 강남대로98길 16,16:30-26:30,정보 없음,16:30-26:30,정보 없음,16:30-26:30,정보 없음,16:30-26:30,정보 없음,16:30-26:30,정보 없음,16:30-26:30,정보 없음,16:30-26:30,정보 없음,0507-1406-7557
2023-08-07 11:12:29,yeoksamdong,센민이자카야,이자카야,4.32,562,서울 강남구 테헤란로25길 35,11:30-24:30,14:00 - 17:30 브레이크타임,11:30-24:30,14:00 - 17:30 브레이크타임,11:30-24:30,14:00 - 17:30 브레이크타임,11:30-24:30,14:00 - 17:30 브레이크타임,11:30-24:30,14:00 - 17:30 브레이크타임,17:30-24:30,정보 없음,휴무,14:00 - 17:30 브레이크타임,02-555-8160
2023-08-07 11:12:29,yeoksamdong,켄홈1991,이자카야,4.75,250,서울 강남구 역삼로 109 SK허브젠 1층 104호 켄홈1991,17:00-25:00,정보 없음,17:00-25:00,정보 없음,17:00-25:00,정보 없음,17:00-25:00,정보 없음,17:00-26:00,정보 없음,17:00-26:00,정보 없음,휴무,정보 없음,010-3239-7594
2023-08-07 11:12:29,yeoksamdong,센야 본점,이자카야,4.55,310,서울 강남구 역삼로9길 25 1층,정보 없음,정보 없음,17:00-24:00,정보 없음,17:00-24:00,정보 없음,17:00-24:00,정보 없음,17:00-24:00,정보 없음,17:00-24:00,정보 없음,휴무,정보 없음,02-538-5827
2023-08-07 11:12:29,yeoksamdong,29펍 UK Classic 2호점,요리주점,4.4,877,서울 강남구 테헤란로1길 26,18:00-26:00,정보 없음,18:00-26:00,정보 없음,18:00-26:00,정보 없음,18:00-26:00,정보 없음,18:00-27:00,정보 없음,18:00-27:00,정보 없음,18:00-26:00,정보 없음,0507-1395-2902
2023-08-07 11:12:29,yeoksamdong,케그샵프리미엄수제맥주&전통주셀렉샵 강남점,"맥주,호프",0.0,48,서울 강남구 강남대로94길 55-3 1층,17:00-25:00,정보 없음,17:00-25:00,정보 없음,17:00-25:00,정보 없음,17:00-25:00,정보 없음,17:00-25:00,정보 없음,17:00-25:00,정보 없음,휴무,정보 없음,0507-1332-0990
2023-08-07 11:12:29,yeoksamdong,싼술의 전당,포장마차,4.57,336,서울 강남구 강남대로96길 13 지하1층,16:00-26:00,정보 없음,16:00-26:00,정보 없음,16:00-26:00,정보 없음,16:00-26:00,정보 없음,16:00-28:00,정보 없음,16:00-28:00,정보 없음,16:00-26:00,정보 없음,0507-1436-0057
2023-08-07 11:12:29,yeoksamdong,아이리쉬펍 더블린,"맥주,호프",4.04,1102,서울 강남구 강남대로 442 별관 2층,15:00-25:00,정보 없음,15:00-25:00,정보 없음,15:00-25:00,정보 없음,15:00-25:00,정보 없음,15:00-26:00,정보 없음,14:00-26:00,정보 없음,14:00-24:00,정보 없음,02-561-3281
2023-08-07 11:12:29,yeoksamdong,456포차,포장마차,0.0,142,서울 강남구 테헤란로6길 37,16:00-26:30,01:00,16:00-26:30,01:00,16:00-26:30,01:00,16:00-26:30,01:00,16:00-26:30,01:00,16:00-25:30,00:00,휴무,01:00,0507-1496-1818
2023-08-07 11:12:29,yeoksamdong,단골손님 강남1호점,요리주점,0.0,664,서울 강남구 테헤란로1길 40 2층,16:00-28:00,정보 없음,16:00-28:00,정보 없음,16:00-28:00,정보 없음,16:00-28:00,정보 없음,16:00-28:00,정보 없음,16:00-28:00,정보 없음,16:00-28:00,정보 없음,0507-1347-9470
2023-08-07 11:12:29,yeoksamdong,경복이모네포차 역삼본점,요리주점,4.52,208,서울 강남구 봉은사로44길 5 1층,17:30-29:00,정보 없음,17:30-29:00,정보 없음,17:30-29:00,정보 없음,17:30-29:00,정보 없음,17:30-29:00,정보 없음,17:30-29:00,정보 없음,휴무,정보 없음,02-562-8842
2023-08-07 11:12:29,yeoksamdong,구시야끼에독코,이자카야,4.56,227,서울 강남구 역삼로 129,18:00-26:00,정보 없음,18:00-26:00,정보 없음,18:00-26:00,정보 없음,18:00-26:00,정보 없음,18:00-26:00,정보 없음,18:00-26:00,정보 없음,휴무,정보 없음,070-7750-6808
2023-08-07 11:12:29,yeoksamdong,이도,이자카야,4.65,329,서울 강남구 논현로75길 7 1층,18:00-24:00,정보 없음,18:00-24:00,정보 없음,18:00-24:00,정보 없음,18:00-24:00,정보 없음,18:00-24:00,정보 없음,18:00-24:00,정보 없음,휴무,정보 없음,0507-1470-0034
2023-08-07 11:12:29,yeoksamdong,켄홈 강남2호점,이자카야,0.0,108,서울 강남구 역삼로1길 18 1층 켄홈,16:00-26:00,정보 없음,16:00-26:00,정보 없음,16:00-26:00,정보 없음,16:00-26:00,정보 없음,16:00-26:00,정보 없음,16:00-26:00,정보 없음,16:00-26:00,정보 없음,0507-1361-8332
2023-08-07 11:12:29,yeoksamdong,토리니쿠,이자카야,4.32,138,서울 강남구 역삼로4길 16 1층,15:00-27:00,정보 없음,15:00-27:00,정보 없음,15:00-27:00,정보 없음,15:00-27:00,정보 없음,15:00-27:00,정보 없음,15:00-27:00,정보 없음,휴무,정보 없음,0507-1335-6088
2023-08-07 11:12:29,yeoksamdong,엘라,"맥주,호프",4.45,773,서울 강남구 테헤란로5길 36 1층 엘라,휴무,정보 없음,12:00-23:00,15:00 - 17:00 브레이크타임,12:00-23:00,15:00 - 17:00 브레이크타임,12:00-23:00,15:00 - 17:00 브레이크타임,12:00-24:00,정보 없음,12:00-24:00,정보 없음,12:00-22:00,정보 없음,02-6052-8831
2023-08-07 11:12:29,yeoksamdong,강남일미포차,포장마차,4.35,299,서울 강남구 강남대로96길 15 1층,15:00-26:00,01:30,15:00-26:00,01:30,15:00-26:00,01:30,15:00-26:00,01:30,15:00-26:00,01:30,15:00-26:00,01:30,15:00-24:00,01:30,02-561-9222
2023-08-07 11:12:29,yeoksamdong,요술포차역삼점,요리주점,4.34,567,서울 강남구 테헤란로19길 5 지하1층,16:30-26:00,01:00,16:30-26:00,01:00,16:30-26:00,01:00,16:30-26:00,01:00,16:30-26:00,01:00,16:30-26:00,01:00,16:00-24:30,01:00,02-564-9939
2023-08-07 11:12:29,yeoksamdong,나즈드라비,"맥주,호프",4.31,638,서울 강남구 테헤란로1길 28-6 제이빌딩 지하 1층,15:00-26:00,정보 없음,15:00-26:00,정보 없음,15:00-26:00,정보 없음,15:00-26:00,정보 없음,15:00-26:00,정보 없음,15:00-27:00,정보 없음,15:00-24:00,정보 없음,02-558-0053
2023-08-07 11:12:29,yeoksamdong,다슬음,요리주점,0.0,334,서울 강남구 강남대로62길 23 역삼빌딩 1층 다슬음 요리주점,17:00-27:00,정보 없음,17:00-27:00,정보 없음,17:00-27:00,정보 없음,17:00-27:00,정보 없음,17:00-27:00,정보 없음,17:00-27:00,정보 없음,휴무,정보 없음,0507-1484-3401
2023-08-07 11:12:29,yeoksamdong,마린3스토리,포장마차,4.77,428,서울 강남구 논현로71길 5,17:30-24:00,23:00,17:30-24:00,23:00,17:30-24:00,23:00,17:30-24:00,23:00,17:30-24:00,23:00,17:00-24:00,23:00,휴무,23:00,02-538-7890
2023-08-07 11:12:29,yeoksamdong,홍대주막,요리주점,4.41,284,서울 강남구 강남대로98길 12-5 3층,15:00-26:00,정보 없음,15:00-26:00,정보 없음,15:00-26:00,정보 없음,15:00-26:00,정보 없음,15:00-26:00,정보 없음,15:00-26:00,정보 없음,15:00-26:00,정보 없음,0507-1314-8730
2023-08-07 11:12:29,yeoksamdong,싼술의 전당,포장마차,4.57,336,서울 강남구 강남대로96길 13 지하1층,16:00-26:00,정보 없음,16:00-26:00,정보 없음,16:00-26:00,정보 없음,16:00-26:00,정보 없음,16:00-28:00,정보 없음,16:00-28:00,정보 없음,16:00-26:00,정보 없음,0507-1436-0057
2023-08-07 11:12:29,yeoksamdong,미인이자카야포차,포장마차,4.21,443,서울 강남구 테헤란로1길 16 삼원빌딩 지하 1층,16:30-28:30,정보 없음,16:30-28:30,정보 없음,16:30-28:30,정보 없음,16:30-28:30,정보 없음,16:30-28:30,정보 없음,16:30-28:30,정보 없음,16:30-28:30,정보 없음,02-554-8686
2023-08-07 11:12:29,yeoksamdong,부엉이산장 강남점,요리주점,0.0,802,서울 강남구 테헤란로1길 28-11 1층,11:30-25:30,00:30,11:30-25:30,00:30,11:30-25:30,00:30,11:30-25:30,00:30,11:30-25:30,00:30,11:30-25:30,00:30,11:30-25:30,00:30,0507-1312-9901
2023-08-07 11:12:29,yeoksamdong,용용선생 강남역점,요리주점,4.61,1518,서울 강남구 강남대로96길 17,17:00-25:00,00:00,17:00-25:00,00:00,17:00-25:00,00:00,17:00-25:00,00:00,17:00-25:00,00:00,17:00-25:00,00:00,17:00-25:00,00:00,0507-1395-5369
2023-08-07 11:12:29,yeoksamdong,퓨전술집U,요리주점,0.0,214,서울 강남구 봉은사로2길 16 1층,17:00-27:00,02:00,17:00-27:00,02:00,17:00-27:00,02:00,17:00-27:00,02:00,17:00-27:00,02:00,17:00-27:00,02:00,17:00-27:00,02:00,0507-1370-9135
2023-08-07 11:12:29,yeoksamdong,아리네술상,이자카야,4.57,373,서울 강남구 논현로94길 11 지하 1층,11:30-25:00,정보 없음,11:30-25:00,정보 없음,11:30-25:00,정보 없음,11:30-25:00,정보 없음,11:30-25:00,정보 없음,17:00-25:00,03:00 - 17:00 브레이크타임,휴무,정보 없음,02-501-9297
2023-08-07 11:12:29,yeoksamdong,이자카야겸 2호점,이자카야,0.0,164,서울 강남구 논현로64길 33 1층 이자카야겸2호점,16:00-26:00,01:30,16:00-26:00,01:30,16:00-26:00,01:30,16:00-26:00,01:30,16:00-26:00,01:30,16:00-26:00,01:30,16:00-22:00,01:30,0507-1370-1414
2023-08-07 11:12:29,yeoksamdong,아트몬스터 강남역점,"맥주,호프",4.55,정보 없음,서울 강남구 테헤란로1길 28-3,17:00-25:00,정보 없음,17:00-25:00,정보 없음,17:00-25:00,정보 없음,17:00-25:00,정보 없음,17:00-25:00,정보 없음,15:00-25:00,정보 없음,15:00-23:00,정보 없음,0507-1336-6110
2023-08-07 11:12:29,yeoksamdong,코다차야 강남점,이자카야,4.37,정보 없음,서울 강남구 강남대로 468 충림빌딩 지하2층 코다차야강남점,17:00-24:00,정보 없음,17:00-24:00,정보 없음,17:00-24:00,정보 없음,17:00-24:00,정보 없음,17:00-25:00,정보 없음,17:00-25:00,정보 없음,17:00-24:00,정보 없음,02-3453-6666
2023-08-07 11:12:29,yeoksamdong,포차테라스,"맥주,호프",0.0,289,서울 강남구 강남대로98길 9 3층,정보 없음,정보 없음,정보 없음,정보 없음,정보 없음,정보 없음,정보 없음,정보 없음,정보 없음,정보 없음,정보 없음,정보 없음,정보 없음,정보 없음,0507-1351-7858
2023-08-07 11:12:29,yeoksamdong,한라맥주 강남점,"맥주,호프",0.0,정보 없음,서울 강남구 봉은사로18길 90 1층,16:00-27:00,정보 없음,16:00-27:00,정보 없음,16:00-27:00,정보 없음,16:00-27:00,정보 없음,15:00-28:00,정보 없음,14:00-28:00,정보 없음,14:00-26:00,정보 없음,0507-1317-1789
2023-08-07 11:12:29,yeoksamdong,야다이,이자카야,4.3,387,서울 강남구 테헤란로1길 28-1,13:00-27:00,정보 없음,13:00-27:00,정보 없음,13:00-27:00,정보 없음,13:00-27:00,정보 없음,13:00-27:00,정보 없음,13:00-29:00,정보 없음,13:00-29:00,정보 없음,02-561-9927
2023-08-07 11:12:29,yeoksamdong,이자카야 겸,이자카야,4.42,209,서울 강남구 도곡로27길 3 1층 이자카야겸,16:30-27:00,02:15,16:30-27:00,02:15,16:30-27:00,02:15,16:30-27:00,02:15,16:30-27:00,02:15,16:30-27:00,02:15,16:30-27:00,02:15,0507-1355-2042
2023-08-07 11:12:29,yeoksamdong,이자카야나무 강남역CGV점,이자카야,0.0,364,서울 강남구 강남대로 442 2층,15:30-29:00,04:30,15:30-29:00,04:30,15:30-29:00,04:30,15:30-29:00,04:30,15:30-29:00,04:30,15:30-29:00,04:30,15:30-29:00,04:30,0507-1436-6787
2023-08-07 11:12:29,yeoksamdong,더 간사이,이자카야,4.33,288,서울 강남구 논현로85길 35 세하빌딩 1층 더 간사이,16:00-26:00,01:00,16:00-26:00,01:00,16:00-26:00,01:00,16:00-26:00,01:00,16:00-26:00,01:00,16:00-26:00,01:00,16:00-26:00,01:00,0507-1426-3342
2023-08-07 11:12:29,yeoksamdong,회장님댁 강남역점,요리주점,0.0,713,서울 강남구 테헤란로1길 28 지하,14:00-27:00,정보 없음,14:00-27:00,정보 없음,14:00-27:00,정보 없음,14:00-27:00,정보 없음,14:00-29:00,정보 없음,14:00-29:00,정보 없음,14:00-26:00,정보 없음,0507-1321-9264
2023-08-07 11:12:29,yeoksamdong,윤이불닭발 강남점,요리주점,0.0,315,서울 강남구 강남대로96길 16,18:00-26:00,정보 없음,18:00-26:00,정보 없음,18:00-26:00,정보 없음,18:00-26:00,정보 없음,18:00-26:00,정보 없음,18:00-26:00,정보 없음,18:00-26:00,정보 없음,02-555-7370
2023-08-07 11:12:29,yeoksamdong,밀회관 역삼역점,"맥주,호프",0.0,295,서울 강남구 테헤란로33길 18 1층,16:00-26:00,01:00,16:00-26:00,01:00,16:00-26:00,01:00,16:00-26:00,01:00,16:00-26:00,01:00,16:00-26:00,01:00,16:00-26:00,01:00,02-565-1158
2023-08-07 11:12:29,yeoksamdong,청담이상 강남역점,이자카야,0.0,774,"서울 강남구 테헤란로1길 42 2층, 3층",17:00-26:00,정보 없음,17:00-26:00,정보 없음,17:00-26:00,정보 없음,17:00-26:00,정보 없음,17:00-27:00,정보 없음,16:00-27:00,정보 없음,17:00-25:00,정보 없음,0507-1310-0027
2023-08-07 11:12:29,yeoksamdong,크래프트한스 강남직영점,"맥주,호프",4.51,1109,서울 강남구 강남대로96길 12 1층,15:00-24:00,23:00,15:00-24:00,23:00,15:00-24:00,23:00,15:00-24:00,23:00,15:00-25:00,00:00,15:00-25:00,00:00,휴무,23:00,02-562-3342
2023-08-07 11:12:29,yeoksamdong,브롱스 강남점,"맥주,호프",4.27,666,서울 강남구 강남대로94길 15 에스투빌딩 지하1층,16:00-23:55,정보 없음,16:00-23:55,정보 없음,16:00-23:55,정보 없음,16:00-23:55,정보 없음,16:00-23:55,정보 없음,16:00-25:00,정보 없음,16:50-23:00,정보 없음,0507-1401-7871
2023-08-07 11:12:29,yeoksamdong,루프808,바(BAR),0.0,1544,서울 강남구 강남대로 470 16층,12:00-25:00,정보 없음,12:00-25:00,정보 없음,12:00-25:00,정보 없음,12:00-25:00,정보 없음,12:00-25:00,정보 없음,12:00-25:00,정보 없음,12:00-25:00,정보 없음,0507-1337-8088
2023-08-07 11:12:29,yeoksamdong,아브라소812,와인,4.64,정보 없음,서울 강남구 봉은사로4길 29 B1호,18:30-25:30,00:00,18:30-25:30,00:00,18:30-25:30,00:00,18:30-25:30,00:00,18:30-25:30,00:00,17:30-25:00,23:30,18:00-23:00,00:00,0507-1312-0812
2023-08-07 11:12:29,yeoksamdong,엘빈에비뉴 라운지,바(BAR),0.0,664,"서울 강남구 강남대로92길 13 지하1, 2층",18:00-26:00,01:30,18:00-26:00,01:30,18:00-26:00,01:30,18:00-26:00,01:30,18:00-27:00,02:30,18:00-27:00,02:30,18:00-26:00,01:30,0507-1314-9449
2023-08-07 11:12:29,yeoksamdong,대동집 강남역점,요리주점,4.36,580,서울 강남구 봉은사로18길 88,15:30-26:30,정보 없음,15:30-26:30,정보 없음,15:30-26:30,정보 없음,15:30-26:30,정보 없음,15:30-27:00,정보 없음,15:30-27:00,정보 없음,15:30-26:30,정보 없음,02-554-4574
2023-08-07 11:12:29,yeoksamdong,모로미쿠시 역삼초교점,이자카야,4.27,526,서울 강남구 역삼로 109 sk허브젠 109호,17:00-25:00,정보 없음,17:00-25:00,정보 없음,17:00-25:00,정보 없음,17:00-25:00,정보 없음,17:00-26:00,정보 없음,17:00-26:00,정보 없음,17:00-24:00,정보 없음,0507-1413-2828
2023-08-07 11:12:29,yeoksamdong,오술차 강남역점,요리주점,4.31,397,서울 강남구 봉은사로2길 10 지하1층,18:00-26:00,정보 없음,18:00-26:00,정보 없음,18:00-26:00,정보 없음,18:00-26:00,정보 없음,18:00-28:00,정보 없음,18:00-28:00,정보 없음,18:00-26:00,정보 없음,02-3453-5900
2023-08-07 11:12:29,yeoksamdong,하이퍼서울,바(BAR),4.26,374,서울 강남구 강남대로96길 15 지하 1층,휴무,정보 없음,19:00-27:00,정보 없음,19:00-27:00,정보 없음,19:00-27:00,정보 없음,21:00-29:00,정보 없음,21:00-29:00,정보 없음,19:00-27:00,정보 없음,0507-1314-9615
2023-08-07 11:12:29,yeoksamdong,무월,"전통,민속주점",0.0,정보 없음,서울 강남구 봉은사로4길 21,15:00-23:00,22:30,15:00-23:00,22:30,15:00-23:00,22:30,15:00-23:00,22:30,15:00-23:00,22:30,15:00-23:00,22:30,15:00-23:00,22:30,0507-1420-3060
2023-08-07 11:12:29,yeoksamdong,삼미미이자카야,이자카야,0.0,18,서울 강남구 논현로87길 41 신일유토빌 110-1호,00:00-24:00,정보 없음,00:00-24:00,정보 없음,00:00-24:00,정보 없음,00:00-24:00,정보 없음,00:00-24:00,정보 없음,00:00-24:00,정보 없음,00:00-24:00,정보 없음,02-6081-1110
2023-08-07 11:12:29,yeoksamdong,어글리,바(BAR),4.35,510,서울 강남구 강남대로96길 5 5F,18:00-26:00,정보 없음,18:00-26:00,정보 없음,18:00-26:00,정보 없음,18:00-26:00,정보 없음,18:00-27:00,정보 없음,18:00-27:00,정보 없음,18:00-26:00,정보 없음,0507-1354-4222
2023-08-07 11:12:29,yeoksamdong,꼭그닭 강남점,"맥주,호프",4.45,정보 없음,서울 강남구 봉은사로4길 37 지하 1층,15:00-24:00,23:00,15:00-24:00,23:00,15:00-24:00,23:00,15:00-24:00,23:00,15:00-24:00,23:00,13:00-24:00,23:00,13:00-24:00,23:00,0507-1401-5335
2023-08-07 11:12:29,yeoksamdong,전봇대,포장마차,4.62,372,서울 강남구 언주로108길 8 1층,17:30-29:00,03:30,17:30-29:00,03:30,17:30-29:00,03:30,17:30-29:00,03:30,17:30-29:00,03:30,17:30-28:00,02:30,휴무,03:30,02-558-6542
2023-08-07 11:12:29,yeoksamdong,오늘와인한잔 강남역1번출구점,와인,4.7,590,서울 강남구 테헤란로4길 6 센트럴푸루지오시티 2층 217호,15:00-30:00,정보 없음,15:00-30:00,정보 없음,15:00-30:00,정보 없음,15:00-30:00,정보 없음,15:00-30:00,정보 없음,15:00-30:00,정보 없음,15:00-30:00,정보 없음,02-555-9132
2023-08-07 11:12:29,yeoksamdong,와인어클락,와인,4.31,418,서울 강남구 강남대로106길 14 오성빌딩 2층,16:00-25:00,00:00,16:00-25:00,00:00,16:00-25:00,00:00,16:00-25:00,00:00,16:00-25:00,00:00,16:00-25:00,00:00,휴무,00:00,0507-1367-2201
2023-08-07 11:12:29,yeoksamdong,오후,이자카야,0.0,42,서울 강남구 선릉로93길 17 현진빌딩 2층,17:00-26:00,01:00,17:00-26:00,01:00,17:00-26:00,01:00,17:00-26:00,01:00,17:00-26:00,01:00,17:00-26:00,01:00,17:00-25:00,01:00,0507-1312-3311
2023-08-07 11:12:29,yeoksamdong,이썸,바(BAR),4.51,796,서울 강남구 봉은사로4길 32 B1 지하1층,17:00-25:00,정보 없음,17:00-25:00,정보 없음,17:00-25:00,정보 없음,17:00-25:00,정보 없음,17:00-26:00,정보 없음,17:00-26:00,정보 없음,17:00-25:00,정보 없음,0507-1344-3828
2023-08-07 11:12:29,yeoksamdong,오늘와인한잔 강남점,와인,4.4,789,서울 강남구 강남대로96길 11-4 지하1층,16:00-25:00,정보 없음,16:00-25:00,정보 없음,16:00-25:00,정보 없음,16:00-25:00,정보 없음,16:00-26:00,정보 없음,16:00-26:00,정보 없음,16:00-25:00,정보 없음,0507-1320-0535
2023-08-07 11:12:29,yeoksamdong,1914 라운지&바,바(BAR),4.43,1104,서울 강남구 테헤란로 231 조선 팰리스 24층,10:00-24:00,23:00,10:00-24:00,23:00,10:00-24:00,23:00,10:00-25:00,00:00,10:00-25:00,00:00,10:00-25:00,00:00,10:00-24:00,23:00,02-727-7640
2023-08-07 11:12:29,yeoksamdong,더휴일 역삼점,와인,0.0,647,서울 강남구 역삼로3길 20-4 영광빌딩 지하 1층,17:00-24:00,23:00,17:00-24:00,23:00,17:00-24:00,23:00,17:00-24:00,23:00,17:00-24:00,23:00,17:00-24:00,23:00,휴무,23:00,02-568-9901
2023-08-07 11:12:29,yeoksamdong,거나하게,"전통,민속주점",0.0,123,서울 강남구 역삼로14길 10 1층 거나하게,17:00-26:00,01:00,17:00-26:00,01:00,17:00-26:00,01:00,17:00-26:00,01:00,17:00-26:00,01:00,17:00-26:00,01:00,휴무,01:00,0507-1324-1242
2023-08-07 11:12:29,yeoksamdong,비놀릭,와인,4.43,1016,서울 강남구 논현로63길 69,12:00-22:50,14:30 - 16:30 브레이크타임,12:00-22:50,14:30 - 16:30 브레이크타임,12:00-22:50,14:30 - 16:30 브레이크타임,12:00-22:50,14:30 - 16:30 브레이크타임,12:00-22:50,14:30 - 16:30 브레이크타임,12:00-22:50,14:30 - 16:30 브레이크타임,12:00-22:50,14:30 - 16:30 브레이크타임,0507-1405-8897
2023-08-07 11:12:29,yeoksamdong,아실라,와인,4.42,정보 없음,서울 강남구 강남대로98길 16 파빌리온,18:00-24:00,정보 없음,18:00-24:00,정보 없음,18:00-24:00,정보 없음,18:00-24:00,정보 없음,18:00-24:00,정보 없음,12:00-24:00,정보 없음,12:00-24:00,정보 없음,0507-1400-4665
2023-08-07 11:12:29,yeoksamdong,인파밀리아 역삼점,와인,0.0,228,서울 강남구 논현로87길 19 B1,17:00-23:00,22:00,17:00-23:00,22:00,17:00-23:00,22:00,17:00-23:00,22:00,17:00-24:00,23:00,17:00-23:00,22:00,17:00-22:00,22:00,0507-1361-1640
2023-08-07 11:12:29,yeoksamdong,마카모예 와인바,와인,0.0,53,서울 강남구 논현로63길 16 120호,휴무,정보 없음,18:00-24:00,23:00,18:00-24:00,23:00,18:00-24:00,23:00,18:00-24:00,23:00,18:00-24:00,23:00,휴무,정보 없음,070-8778-4785
2023-08-07 11:12:29,yeoksamdong,오너스,바(BAR),4.35,403,"서울 강남구 봉은사로4길 19 3층,4층",18:00-24:00,23:20,18:00-24:00,23:20,18:00-24:00,23:20,18:00-24:00,23:20,18:00-24:00,23:20,18:00-24:00,23:20,18:00-24:00,23:20,0507-1324-6785
2023-08-07 11:12:29,yeoksamdong,스시산원 반주헌,요리주점,4.34,387,서울 강남구 테헤란로4길 6 센트럴푸르지오시티 지하2층 224호,11:30-24:00,14:30 - 17:30 브레이크타임,11:30-24:00,14:30 - 17:30 브레이크타임,11:30-24:00,14:30 - 17:30 브레이크타임,11:30-24:00,14:30 - 17:30 브레이크타임,11:30-24:00,14:30 - 17:30 브레이크타임,11:30-24:00,14:30 - 17:30 브레이크타임,휴무,14:30 - 17:30 브레이크타임,02-562-0516
2023-08-07 11:12:29,yeoksamdong,생활맥주 역삼초교점,"맥주,호프",0.0,107,서울 강남구 역삼로4길 16 성우스타우스오피스텔 제1층 제111호,16:40-24:10,23:40,16:40-24:10,23:40,16:40-24:10,23:40,16:40-24:10,23:40,16:40-24:10,23:40,16:40-23:00,22:30,휴무,23:40,02-566-4945
2023-08-07 11:12:29,yeoksamdong,소와루,이자카야,0.0,11,서울 강남구 논현로87길 41 1층 105호 신일유토빌,12:00-29:00,04:30,12:00-29:00,04:30,12:00-29:00,04:30,12:00-29:00,04:30,12:00-29:00,04:30,12:00-29:00,04:30,12:00-29:00,04:30,0507-1491-0600
2023-08-07 11:12:29,yeoksamdong,이자카야 규네,이자카야,4.96,156,서울 강남구 역삼로5길 21 1층,17:30-24:30,정보 없음,17:30-24:30,정보 없음,17:30-24:30,정보 없음,17:30-24:30,정보 없음,17:30-24:30,정보 없음,정보 없음,정보 없음,휴무,정보 없음,0507-1311-6795
2023-08-07 11:12:29,yeoksamdong,오레노유메 선릉본점,이자카야,4.3,483,서울 강남구 테헤란로51길 7 수지빌딩 2층,17:00-25:00,00:00,17:00-25:00,00:00,17:00-25:00,00:00,17:00-25:00,00:00,17:00-25:00,00:00,17:00-25:00,00:00,17:00-25:00,00:00,0507-1325-1241
2023-08-07 11:12:29,yeoksamdong,이자카야나무 강남역2호점,이자카야,4.34,1228,서울 강남구 강남대로78길 8,15:30-29:00,정보 없음,15:30-29:00,정보 없음,15:30-29:00,정보 없음,15:30-29:00,정보 없음,15:30-29:00,정보 없음,15:30-29:00,정보 없음,15:30-29:00,정보 없음,02-558-6787
2023-08-07 11:12:29,yeoksamdong,호센바,이자카야,0.0,189,서울 강남구 논현로95길 29-8 1층,11:30-24:00,14:00 - 18:00 브레이크타임,11:30-24:00,14:00 - 18:00 브레이크타임,11:30-24:00,14:00 - 18:00 브레이크타임,11:30-24:00,14:00 - 18:00 브레이크타임,11:30-24:00,14:00 - 18:00 브레이크타임,18:00-24:00,23:00,휴무,14:00 - 18:00 브레이크타임,0507-1306-3855
2023-08-07 11:12:29,yeoksamdong,와인코르크 강남점,와인,4.55,585,서울 강남구 테헤란로1길 40 3층 와인코르크,18:00-24:00,정보 없음,18:00-24:00,정보 없음,18:00-24:00,정보 없음,18:00-24:00,정보 없음,18:00-25:00,정보 없음,18:00-25:00,정보 없음,18:00-24:00,정보 없음,02-501-6335
2023-08-07 11:12:29,yeoksamdong,아이해브어드림 강남역 본점,와인,4.38,정보 없음,서울 강남구 테헤란로5길 7 KG Tower 지하1층,11:00-25:00,14:00 - 17:00 브레이크타임,11:00-25:00,14:00 - 17:00 브레이크타임,11:00-25:00,14:00 - 17:00 브레이크타임,11:00-25:00,14:00 - 17:00 브레이크타임,11:00-25:00,14:00 - 17:00 브레이크타임,12:00-25:00,15:00 - 17:00 브레이크타임,휴무,14:00 - 17:00 브레이크타임,0507-1401-7697
2023-08-07 11:12:29,yeoksamdong,깜브레,바(BAR),4.73,78,서울 강남구 역삼로11길 7 2층,18:30-26:00,정보 없음,18:30-26:00,정보 없음,18:30-26:00,정보 없음,18:30-26:00,정보 없음,18:30-26:00,정보 없음,18:30-26:00,정보 없음,18:30-26:00,정보 없음,02-556-5503
2023-08-07 11:12:29,yeoksamdong,블루밍 재즈바,바(BAR),0.0,107,서울 강남구 테헤란로19길 21 지하1층,휴무,정보 없음,휴무,정보 없음,휴무,정보 없음,19:00-26:00,정보 없음,19:00-26:00,정보 없음,19:00-26:00,정보 없음,휴무,정보 없음,0507-1466-5026
2023-08-07 11:12:29,yeoksamdong,이자카야 나무 선릉점,이자카야,4.47,972,서울 강남구 선릉로 517 비젼빌딩,11:30-29:00,04:30,11:30-29:00,04:30,11:30-29:00,04:30,11:30-29:00,04:30,11:30-29:00,04:30,11:30-29:00,04:30,11:30-29:00,04:30,02-557-0348
2023-08-07 11:12:29,yeoksamdong,사이드바 인 시네마,바(BAR),0.0,63,서울 강남구 강남대로102길 22 F층,휴무,정보 없음,19:10-25:00,정보 없음,18:00-25:00,정보 없음,18:00-25:00,정보 없음,18:00-26:00,정보 없음,18:00-26:00,정보 없음,18:00-25:00,정보 없음,0507-1397-4121
2023-08-07 11:12:29,yeoksamdong,29펍 ITALIA Vintage 1호점,요리주점,4.5,218,서울 강남구 테헤란로1길 28-1,18:00-26:00,정보 없음,18:00-26:00,정보 없음,18:00-26:00,정보 없음,18:00-26:00,정보 없음,18:00-27:00,정보 없음,18:00-27:00,정보 없음,휴무,정보 없음,0507-1375-2902
2023-08-07 11:12:29,yeoksamdong,재패니즈다이닝안심,이자카야,4.59,341,서울 강남구 언주로98길 9 2층,17:30-23:00,22:00,17:30-23:00,22:00,17:30-23:00,22:00,17:30-23:00,22:00,17:30-23:00,22:00,17:30-23:00,22:00,휴무,22:00,070-8808-0618
2023-08-07 11:12:29,yeoksamdong,세이버리,와인,0.0,162,서울 강남구 테헤란로19길 21 1층,17:30-26:00,정보 없음,17:30-26:00,정보 없음,17:30-26:00,정보 없음,17:30-26:00,정보 없음,17:30-26:00,정보 없음,17:30-26:00,정보 없음,휴무,정보 없음,070-4115-8668
2023-08-07 11:12:29,yeoksamdong,오레노유메 강남역점,이자카야,0.0,363,"서울 강남구 역삼로3길 17-4 2, 3층",17:00-26:00,01:00,17:00-26:00,01:00,17:00-26:00,01:00,17:00-26:00,01:00,17:00-26:00,01:00,17:00-26:00,01:00,17:00-26:00,01:00,0507-1336-1241
2023-08-07 11:12:29,yeoksamdong,쿼터백,"맥주,호프",4.37,576,"서울 강남구 테헤란로1길 29 용일빌딩 지하1층, 1층",휴무,정보 없음,16:00-23:00,22:15,16:00-23:00,22:15,16:00-23:00,22:15,16:00-23:00,22:15,13:00-23:00,22:15,13:00-23:00,정보 없음,02-567-7879
2023-08-07 11:12:29,yeoksamdong,생활맥주 강남역점,"맥주,호프",4.44,636,서울 강남구 강남대로78길 18 1층,15:30-26:00,정보 없음,15:30-26:00,정보 없음,15:30-26:00,정보 없음,15:30-26:00,정보 없음,15:30-26:00,정보 없음,15:30-26:00,정보 없음,15:30-26:00,정보 없음,02-558-9664
2023-08-07 11:12:29,yeoksamdong,맥쓰세계치킨 강남역점,"치킨,닭강정",0.0,389,서울 강남구 테헤란로4길 6 센트럴푸르지오시티 1층 113호,15:30-25:00,정보 없음,15:30-25:00,정보 없음,15:30-25:00,정보 없음,15:30-25:00,정보 없음,15:30-25:00,정보 없음,15:30-25:00,정보 없음,15:30-25:00,정보 없음,02-552-8292
2023-08-07 11:12:29,yeoksamdong,케그브루 역삼점,"맥주,호프",4.39,267,서울 강남구 테헤란로20길 18 KEGBRU 양조장 펍,11:00-23:30,14:30 - 16:30 브레이크타임,11:00-23:30,14:30 - 16:30 브레이크타임,11:00-23:30,14:30 - 16:30 브레이크타임,11:00-23:30,14:30 - 16:30 브레이크타임,11:00-23:30,14:30 - 16:30 브레이크타임,휴무,정보 없음,휴무,14:30 - 16:30 브레이크타임,02-569-3070
2023-08-07 11:12:29,yeoksamdong,파복스,바(BAR),0.0,225,서울 강남구 테헤란로1길 26 3층 파복스,19:00-27:00,02:30,19:00-27:00,02:30,19:00-27:00,02:30,19:00-27:00,02:30,19:00-27:00,02:30,19:00-27:00,02:30,19:00-27:00,02:30,0507-1306-3489
2023-08-07 11:12:29,yeoksamdong,배드라핀 [Bad Lapin],와인,0.0,373,서울 강남구 논현로97길 23 1층 카페,12:00-24:00,23:00,12:00-24:00,23:00,12:00-24:00,23:00,12:00-24:00,23:00,12:00-24:00,23:00,16:00-24:00,23:00,16:00-24:00,23:00,0507-1310-7913
2023-08-07 11:12:29,yeoksamdong,기네스하우스,"맥주,호프",4.38,344,서울 강남구 테헤란로43길 18 101호,13:00-26:30,정보 없음,13:00-26:30,정보 없음,13:00-26:30,정보 없음,13:00-26:30,정보 없음,13:00-26:30,정보 없음,13:00-26:30,정보 없음,13:00-26:30,정보 없음,0507-1493-7179
2023-08-07 11:12:29,yeoksamdong,수작 선릉,요리주점,4.42,337,서울 강남구 테헤란로52길 15 1층 101호,11:00-24:00,15:00 - 17:00 브레이크타임,11:00-24:00,15:00 - 17:00 브레이크타임,11:00-24:00,15:00 - 17:00 브레이크타임,11:00-24:00,15:00 - 17:00 브레이크타임,11:00-24:00,15:00 - 17:00 브레이크타임,11:00-24:00,15:00 - 17:00 브레이크타임,휴무,15:00 - 17:00 브레이크타임,010-8654-5989
2023-08-07 11:12:29,yeoksamdong,레드비틀,"맥주,호프",4.47,220,서울 강남구 테헤란로53길 18,17:00-25:00,정보 없음,17:00-25:00,정보 없음,17:00-25:00,정보 없음,17:00-25:00,정보 없음,17:00-25:00,정보 없음,17:00-25:00,정보 없음,휴무,정보 없음,0507-1438-3650
2023-08-07 11:12:29,yeoksamdong,역전할머니맥주 강남역CGV점,"맥주,호프",4.24,655,서울 강남구 테헤란로1길 28-6 1층 역전할머니맥주 강남역CGV점,정보없음,정보 없음,15:00-26:00,정보 없음,15:00-26:00,정보 없음,15:00-26:00,정보 없음,15:00-26:00,정보 없음,15:00-26:00,정보 없음,15:00-26:00,정보 없음,02-554-8164
2023-08-07 11:12:29,yeoksamdong,델라마노 시가바,바(BAR),4.2,131,서울 강남구 봉은사로44길 59,19:00-26:00,정보 없음,19:00-26:00,정보 없음,19:00-26:00,정보 없음,19:00-26:00,정보 없음,19:00-26:00,정보 없음,19:00-26:00,정보 없음,19:00-26:00,정보 없음,0507-1303-6476
2023-08-07 11:12:29,yeoksamdong,이자카야 신조,이자카야,4.37,454,서울 강남구 강남대로84길 33 대우 디오빌플러스 B101호,17:00-25:00,정보 없음,17:00-25:00,정보 없음,17:00-25:00,정보 없음,17:00-25:00,정보 없음,17:00-25:00,정보 없음,17:00-25:00,정보 없음,17:00-25:00,정보 없음,02-2050-0066
2023-08-07 11:12:29,yeoksamdong,텀블러비어 역삼직영점,"맥주,호프",4.4,301,서울 강남구 테헤란로20길 15 메이플라워멤버스빌오피스텔,16:00-27:00,02:30,16:00-27:00,02:30,16:00-27:00,02:30,16:00-27:00,02:30,16:00-27:00,02:30,16:00-24:00,23:30,휴무,02:30,02-538-6665
2023-08-07 11:12:29,yeoksamdong,소울로뎅,"오뎅,꼬치",0.0,37,"서울 강남구 도곡로3길 26 104호, 109호 1층",18:30-26:00,01:10,18:30-26:00,01:10,18:30-26:00,01:10,18:30-26:00,01:10,18:30-26:00,01:10,18:30-26:00,01:10,휴무,01:10,0507-1330-8481
2023-08-07 11:12:29,yeoksamdong,만타,바(BAR),0.0,43,서울 강남구 테헤란로37길 13-6 1층,15:00-26:00,01:30,15:00-26:00,01:30,15:00-26:00,01:30,15:00-26:00,01:30,15:00-26:00,01:30,18:00-26:00,01:30,18:00-26:00,01:30,02-6952-5321
2023-08-07 11:12:29,yeoksamdong,브롱스 강남역삼점,"맥주,호프",4.31,311,서울 강남구 테헤란로4길 34 지하1층 101호,17:00-25:00,정보 없음,17:00-25:00,정보 없음,17:00-25:00,정보 없음,17:00-25:00,정보 없음,17:00-25:00,정보 없음,17:00-25:00,정보 없음,17:00-24:00,정보 없음,02-566-7078
2023-08-07 11:12:29,yeoksamdong,더블린테라스,"맥주,호프",4.2,424,서울 강남구 강남대로94길 27-15 태리빌딩,15:00-25:00,정보 없음,15:00-25:00,정보 없음,15:00-25:00,정보 없음,15:00-25:00,정보 없음,15:00-25:00,정보 없음,15:00-25:00,정보 없음,15:00-25:00,정보 없음,02-555-2553
2023-08-07 11:12:29,yeoksamdong,비랩,바(BAR),4.36,199,서울 강남구 강남대로98길 10 2층 비랩 칵테일바,17:00-23:00,22:45,17:00-23:00,22:45,17:00-23:00,22:45,17:00-23:00,22:45,17:00-23:30,23:15,17:00-23:30,23:15,17:00-23:00,22:45,010-2780-1245
2023-08-07 11:12:29,yeoksamdong,선오뎅,"오뎅,꼬치",4.14,197,서울 강남구 강남대로94길 27,18:00-25:00,정보 없음,18:00-25:00,정보 없음,18:00-25:00,정보 없음,18:00-25:00,정보 없음,18:00-25:00,정보 없음,18:00-25:00,정보 없음,휴무,정보 없음,02-563-0286
2023-08-07 11:12:29,yeoksamdong,Coffee Bar K,바(BAR),4.52,157,서울 강남구 언주로 517,19:00-26:00,정보 없음,19:00-26:00,정보 없음,19:00-26:00,정보 없음,19:00-26:00,정보 없음,19:00-26:00,정보 없음,19:00-26:00,정보 없음,19:00-26:00,정보 없음,02-516-1970
2023-08-07 11:12:29,yeoksamdong,와뱅,와인,0.0,94,서울 강남구 언주로 535 2F,13:30-24:00,와인 바 14:00 - 01:00,13:30-24:00,와인 바 14:00 - 01:00,13:30-24:00,와인 바 14:00 - 01:00,13:30-24:00,와인 바 14:00 - 01:00,13:30-24:00,와인 바 14:00 - 01:00,13:30-24:00,와인 바 14:00 - 01:00,휴무,와인 바 14:00 - 01:00,02-555-0368
2023-08-07 11:12:29,yeoksamdong,신바시만텐 본점,이자카야,3.93,442,서울 강남구 선릉로93길 18,17:00-26:00,정보 없음,17:00-26:00,정보 없음,17:00-26:00,정보 없음,17:00-26:00,정보 없음,17:00-26:00,정보 없음,17:00-26:00,정보 없음,17:00-26:00,정보 없음,02-552-2584
2023-08-07 11:12:29,yeoksamdong,작,바(BAR),4.65,102,서울 강남구 논현로95길 14 101호,18:00-25:00,00:00,18:00-25:00,00:00,18:00-25:00,00:00,18:00-25:00,00:00,18:00-25:00,00:00,18:00-24:00,23:00,휴무,00:00,02-501-2342
2023-08-07 11:12:29,yeoksamdong,홀덤바,"맥주,호프",0.0,1,서울 강남구 테헤란로 328 동우빌딩 지층 106-비74호,00:00-24:00,정보 없음,00:00-24:00,정보 없음,00:00-24:00,정보 없음,00:00-24:00,정보 없음,00:00-24:00,정보 없음,00:00-24:00,정보 없음,00:00-24:00,정보 없음,0507-1355-3851
2023-08-07 11:12:29,yeoksamdong,욜로,와인,0.0,435,서울 강남구 강남대로106길 9 1층,11:00-24:00,15:00 - 17:00 브레이크타임,11:00-24:00,15:00 - 17:00 브레이크타임,11:00-24:00,15:00 - 17:00 브레이크타임,11:00-24:00,15:00 - 17:00 브레이크타임,11:00-25:00,15:00 - 17:00 브레이크타임,12:00-25:00,정보 없음,13:00-23:00,15:00 - 17:00 브레이크타임,02-556-8109
2023-08-07 11:12:29,yeoksamdong,오꼬뎅,"오뎅,꼬치",0.0,116,서울 강남구 언주로106길 7 1층,18:00-28:00,03:30,18:00-28:00,03:30,18:00-28:00,03:30,18:00-28:00,03:30,18:00-28:00,03:30,18:00-28:00,03:30,휴무,03:30,0507-1358-1881
2023-08-07 11:12:29,yeoksamdong,접객,술집,4.7,265,서울 강남구 언주로98길 11 1층 접객,18:00-25:00,00:00,18:00-25:00,00:00,18:00-25:00,00:00,18:00-25:00,00:00,18:00-25:00,00:00,18:00-24:00,23:00,휴무,00:00,0507-1317-9309
2023-08-07 11:12:29,yeoksamdong,오엠피,바(BAR),0.0,46,서울 강남구 선릉로89길 7 지하1층,휴무,정보 없음,18:00-25:00,정보 없음,18:00-25:00,정보 없음,18:00-25:00,정보 없음,18:00-25:00,정보 없음,18:00-26:00,정보 없음,휴무,정보 없음,0507-1335-6829
2023-08-07 11:12:29,yeoksamdong,미믹 강남점,"맥주,호프",0.0,145,서울 강남구 강남대로98길 12 지상4층,18:00-27:00,정보 없음,18:00-27:00,정보 없음,18:00-27:00,정보 없음,18:00-27:00,정보 없음,17:00-29:00,정보 없음,17:00-29:00,정보 없음,18:00-27:00,정보 없음,0507-1345-6490
2023-08-07 11:12:29,yeoksamdong,강남오뎅,"오뎅,꼬치",4.03,54,서울 강남구 역삼로4길 16 성우스타우스오피스텔 B1 강남오뎅,18:00-24:00,정보 없음,18:00-24:00,정보 없음,18:00-24:00,정보 없음,18:00-24:00,정보 없음,18:00-24:00,정보 없음,18:00-24:00,정보 없음,18:00-24:00,정보 없음,0507-1381-5050
2023-08-07 11:12:29,yeoksamdong,공감 LP바,바(BAR),0.0,18,서울 강남구 선릉로93길 28 2층,19:00-24:00,정보 없음,19:00-24:00,정보 없음,19:00-24:00,정보 없음,19:00-24:00,정보 없음,19:00-24:00,정보 없음,19:00-24:00,정보 없음,휴무,정보 없음,0507-1381-5144
2023-08-07 11:12:29,yeoksamdong,타로맨스,바(BAR),4.64,52,서울 강남구 도곡로11길 10 1층 골목안쪽 검은색 간판 타로맨스,정보 없음,정보 없음,정보 없음,정보 없음,정보 없음,정보 없음,정보 없음,정보 없음,정보 없음,정보 없음,정보 없음,정보 없음,정보 없음,정보 없음,0507-1361-9410
2023-08-07 11:12:29,yeoksamdong,인쌩맥주 강남역2호점,"맥주,호프",0.0,33,서울 강남구 테헤란로1길 28-5 지하1층,15:00-27:00,정보 없음,15:00-27:00,정보 없음,15:00-27:00,정보 없음,15:00-27:00,정보 없음,15:00-27:00,정보 없음,15:00-27:00,정보 없음,15:00-27:00,정보 없음,0507-1344-2847
2023-08-07 11:12:29,yeoksamdong,케그샵프리미엄수제맥주&전통주셀렉샵 강남점,"맥주,호프",0.0,48,서울 강남구 강남대로94길 55-3 1층,17:00-25:00,정보 없음,17:00-25:00,정보 없음,17:00-25:00,정보 없음,17:00-25:00,정보 없음,17:00-25:00,정보 없음,17:00-25:00,정보 없음,휴무,정보 없음,0507-1332-0990
2023-08-07 11:12:29,yeoksamdong,더위스키바이로이,바(BAR),0.0,91,서울 강남구 테헤란로4길 46 쌍용플래티넘 104동 112호,19:00-24:30,정보 없음,19:00-24:30,정보 없음,19:00-24:30,정보 없음,19:00-24:30,정보 없음,19:00-24:30,정보 없음,휴무,정보 없음,휴무,정보 없음,02-538-0807
2023-08-07 11:12:29,yeoksamdong,생활맥주 역삼점,"맥주,호프",4.52,301,서울 강남구 언주로93길 34,17:00-26:00,정보 없음,17:00-26:00,정보 없음,17:00-26:00,정보 없음,17:00-26:00,정보 없음,17:00-26:00,정보 없음,16:00-25:00,정보 없음,16:00-25:00,정보 없음,02-501-0530
2023-08-07 11:12:29,yeoksamdong,불독펍,요리주점,4.62,137,서울 강남구 봉은사로2길 15 2층,19:00-25:00,00:30,19:00-25:00,00:30,19:00-25:00,00:30,19:00-25:00,00:30,19:00-26:00,01:30,19:00-26:00,01:30,휴무,00:30,02-563-9196
2023-08-07 11:12:29,yeoksamdong,비어테라스,"맥주,호프",4.21,222,서울 강남구 테헤란로8길 20 1층,10:00-24:00,정보 없음,10:00-24:00,정보 없음,10:00-24:00,정보 없음,10:00-24:00,정보 없음,10:00-24:00,정보 없음,17:00-23:00,정보 없음,휴무,정보 없음,02-554-7448
2023-08-07 11:12:29,yeoksamdong,교동전선생 강남쌍용점,"전통,민속주점",0.0,93,서울 강남구 테헤란로4길 46 138호,11:30-23:00,22:30,11:30-23:00,22:30,11:30-23:00,22:30,11:30-23:00,22:30,11:30-23:00,22:30,16:00-22:00,21:30,16:00-22:00,22:30,02-565-0850
2023-08-07 11:12:29,yeoksamdong,어게인,요리주점,4.26,154,서울 강남구 강남대로 328 강남역쉐르빌오피스텔 B1,16:30-26:00,01:30,16:30-26:00,01:30,16:30-26:00,01:30,16:30-26:00,01:30,16:30-26:00,01:30,16:30-23:00,22:30,휴무,01:30,02-538-0539
2023-08-07 11:12:29,yeoksamdong,영화와인셀러,와인,4.17,94,서울 강남구 언주로93길 32-6 이담,17:00-23:00,정보 없음,17:00-23:00,정보 없음,17:00-23:00,정보 없음,17:00-23:00,정보 없음,17:00-23:00,정보 없음,휴무,정보 없음,휴무,정보 없음,02-553-7233
2023-08-07 11:12:29,yeoksamdong,브루웍스 역삼점,"맥주,호프",4.41,103,서울 강남구 논현로94길 21 2층,17:00-25:00,정보 없음,17:00-25:00,정보 없음,17:00-25:00,정보 없음,17:00-25:00,정보 없음,17:00-25:00,정보 없음,17:00-25:00,정보 없음,17:00-25:00,정보 없음,02-558-9474
2023-08-07 11:12:29,yeoksamdong,88노가리 강남점,"맥주,호프",0.0,79,서울 강남구 강남대로96길 18 2층,17:00-26:00,01:00,17:00-26:00,01:00,17:00-26:00,01:00,17:00-26:00,01:00,17:00-26:00,01:00,17:00-26:00,01:00,17:00-26:00,01:00,0507-1361-1709
2023-08-07 11:12:29,yeoksamdong,와인바 컨티뉴엄,와인,0.0,95,서울 강남구 테헤란로 231 EAST 2층 E205호,휴무,정보 없음,11:30-23:30,15:00 - 17:30 브레이크타임,11:30-23:30,15:00 - 17:30 브레이크타임,11:30-23:30,15:00 - 17:30 브레이크타임,11:30-23:30,15:00 - 17:30 브레이크타임,11:30-23:30,15:00 - 17:30 브레이크타임,휴무,정보 없음,010-8296-7214
2023-08-07 11:12:29,yeoksamdong,도화오뎅 선릉점,"오뎅,꼬치",0.0,115,서울 강남구 선릉로93길 32 . 지하1층(역삼동),18:00-25:00,00:30,18:00-25:00,00:30,18:00-25:00,00:30,18:00-25:00,00:30,18:00-25:00,00:30,휴무,정보 없음,휴무,00:30,0507-1476-1220
2023-08-07 11:12:29,yeoksamdong,프리버드,바(BAR),4.44,104,서울 강남구 테헤란로8길 46,17:00-27:00,정보 없음,17:00-27:00,정보 없음,17:00-27:00,정보 없음,17:00-27:00,정보 없음,17:00-27:00,정보 없음,17:00-27:00,정보 없음,17:00-27:00,정보 없음,02-556-7733
2023-08-07 11:12:29,yeoksamdong,감성캠핑 맥주창고,"맥주,호프",4.25,101,서울 강남구 봉은사로2길 17 지하1층,19:00-26:00,정보 없음,19:00-26:00,정보 없음,19:00-26:00,정보 없음,19:00-26:00,정보 없음,19:00-26:00,정보 없음,19:00-26:00,정보 없음,휴무,정보 없음,02-568-8857
2023-08-07 11:12:29,yeoksamdong,윤포차,포장마차,4.04,41,서울 강남구 테헤란로27길 26 지하1층,18:00-30:50,정보 없음,18:00-30:50,정보 없음,18:00-30:50,정보 없음,18:00-30:50,정보 없음,18:00-30:50,정보 없음,휴무,정보 없음,휴무,정보 없음,02-508-0616
2023-08-07 11:12:29,yeoksamdong,이층맥주창고,"맥주,호프",4.18,602,서울 강남구 강남대로94길 86 2층,11:00-25:00,14:00 - 18:00 브레이크타임,11:00-25:00,14:00 - 18:00 브레이크타임,11:00-25:00,14:00 - 18:00 브레이크타임,11:00-25:00,14:00 - 18:00 브레이크타임,11:00-25:00,14:00 - 18:00 브레이크타임,18:00-25:00,정보 없음,휴무,14:00 - 18:00 브레이크타임,0507-1319-5674
2023-08-07 11:12:29,yeoksamdong,디깅,바(BAR),0.0,40,서울 강남구 테헤란로10길 14 지하 디깅,18:00-26:00,01:30,18:00-26:00,01:30,18:00-26:00,01:30,18:00-26:00,01:30,18:00-26:00,01:30,18:00-26:00,01:30,휴무,01:30,0507-1415-1058
2023-08-07 11:12:29,yeoksamdong,펀비어킹 강남경복사거리점,"맥주,호프",4.39,393,서울 강남구 언주로108길 15,10:30-30:00,정보 없음,10:30-30:00,정보 없음,10:30-30:00,정보 없음,10:30-30:00,정보 없음,10:30-30:00,정보 없음,10:30-30:00,정보 없음,10:30-30:00,정보 없음,02-565-9978
2023-08-07 11:12:29,yeoksamdong,김봉남포장마차 역삼2호점,포장마차,0.0,267,서울 강남구 논현로87길 15 LS빌딩,17:00-28:00,정보 없음,17:00-28:00,정보 없음,17:00-28:00,정보 없음,17:00-28:00,정보 없음,17:00-28:00,정보 없음,휴무,정보 없음,휴무,정보 없음,02-588-9292
2023-08-07 11:12:29,yeoksamdong,쟌비어,"맥주,호프",4.89,110,서울 강남구 강남대로98길 10 지하1층,17:00-25:00,정보 없음,17:00-25:00,정보 없음,17:00-25:00,정보 없음,17:00-25:00,정보 없음,16:00-25:00,정보 없음,16:00-25:00,정보 없음,17:00-25:00,정보 없음,010-3471-9984
2023-08-07 11:12:29,yeoksamdong,남도술상 역삼점,요리주점,4.21,189,서울 강남구 테헤란로21길 8 1층,15:00-25:00,정보 없음,15:00-25:00,정보 없음,15:00-25:00,정보 없음,15:00-25:00,정보 없음,15:00-25:00,정보 없음,15:00-25:00,정보 없음,휴무,정보 없음,0507-1378-8903
2023-08-07 11:12:29,yeoksamdong,브루113,"맥주,호프",0.0,1,서울 강남구 역삼로 113 1층 103호,17:00-25:00,00:30,17:00-25:00,00:30,17:00-25:00,00:30,17:00-25:00,00:30,17:00-25:00,00:30,16:00-24:00,23:30,휴무,00:30,0507-1309-7520
2023-08-07 11:12:29,yeoksamdong,준코 역삼점,요리주점,4.16,183,서울 강남구 강남대로78길 12 예미프레스티지 지하1층,17:00-29:00,정보 없음,17:00-29:00,정보 없음,17:00-29:00,정보 없음,17:00-29:00,정보 없음,17:00-30:00,정보 없음,17:00-30:00,정보 없음,17:00-29:00,정보 없음,02-554-6665
2023-08-07 11:12:29,yeoksamdong,라틴펍 쿠바,바(BAR),4.93,161,서울 강남구 역삼로 130 지하1층 라틴펍 쿠바,19:30-26:00,정보 없음,19:30-26:00,정보 없음,19:30-26:00,정보 없음,19:30-26:00,정보 없음,19:30-26:00,정보 없음,19:30-26:00,정보 없음,휴무,정보 없음,0507-1377-5414
2023-08-07 11:12:29,yeoksamdong,링코노래타운 강남점,요리주점,4.21,341,서울 강남구 테헤란로2길 37 지하1층,17:00-28:00,정보 없음,17:00-28:00,정보 없음,17:00-28:00,정보 없음,17:00-28:00,정보 없음,17:00-29:00,정보 없음,17:00-29:00,정보 없음,17:00-27:00,정보 없음,02-538-1259
2023-08-07 11:12:29,yeoksamdong,고매 주류공장,와인,0.0,17,서울 강남구 강남대로84길 15 강남역효성해링턴타워더퍼스트 209호,18:00-26:00,01:20,18:00-26:00,01:20,18:00-26:00,01:20,18:00-26:00,01:20,18:00-26:00,01:20,18:00-26:00,01:20,18:00-26:00,01:20,0507-1373-1193
2023-08-07 11:12:29,yeoksamdong,고섭포차,포장마차,0.0,57,서울 강남구 봉은사로44길 64 지하 1층,17:50-27:10,정보 없음,17:50-27:10,정보 없음,17:50-27:10,정보 없음,17:50-27:10,정보 없음,17:50-27:10,정보 없음,17:50-26:25,정보 없음,휴무,정보 없음,010-2052-2250
2023-08-07 11:12:29,yeoksamdong,남오토코 역삼점,이자카야,4.35,361,서울 강남구 논현로85길 29 2층,17:00-26:00,01:20,17:00-26:00,01:20,17:00-26:00,01:20,17:00-26:00,01:20,17:00-26:00,01:20,17:00-26:00,01:20,휴무,01:20,02-539-1098
2023-08-07 11:12:29,yeoksamdong,서울황태,"맥주,호프",4.3,134,서울 강남구 역삼로3길 14,18:00-27:00,정보 없음,18:00-27:00,정보 없음,18:00-27:00,정보 없음,18:00-27:00,정보 없음,18:00-27:00,정보 없음,18:00-27:00,정보 없음,18:00-24:00,정보 없음,정보 없음
2023-08-07 11:12:29,yeoksamdong,생활맥주 테헤란로점,"맥주,호프",0.0,134,서울 강남구 선릉로93길 27 생활맥주,15:00-26:00,정보 없음,15:00-26:00,정보 없음,15:00-26:00,정보 없음,15:00-26:00,정보 없음,15:00-26:00,정보 없음,15:00-26:00,정보 없음,15:00-24:00,정보 없음,070-7724-0827
2023-08-07 11:12:29,yeoksamdong,블루문 와인&라운지,와인,0.0,25,서울 강남구 역삼동 700-36,17:30-23:00,정보 없음,17:30-23:00,정보 없음,17:30-23:00,정보 없음,17:30-23:00,정보 없음,17:30-23:00,정보 없음,17:30-23:00,정보 없음,17:30-23:00,정보 없음,010-6454-0339
2023-08-07 11:12:29,yeoksamdong,남도포차,포장마차,4.3,73,서울 강남구 봉은사로24길 11,정보 없음,정보 없음,정보 없음,정보 없음,정보 없음,정보 없음,정보 없음,정보 없음,정보 없음,정보 없음,정보 없음,정보 없음,정보 없음,정보 없음,02-3444-7051
2023-08-07 11:12:29,yeoksamdong,생활맥주 역삼역4번출구점,"맥주,호프",0.0,85,서울 강남구 테헤란로25길 9 지상 1층,16:00-25:00,정보 없음,16:00-25:00,정보 없음,16:00-25:00,정보 없음,16:00-25:00,정보 없음,16:00-25:00,정보 없음,휴무,정보 없음,휴무,정보 없음,02-556-9665
2023-08-07 11:12:29,yeoksamdong,심야식당완,이자카야,0.0,18,서울 강남구 강남대로66길 14 와이즈플레이스 1층 심야식당 완,18:00-26:00,01:00,18:00-26:00,01:00,18:00-26:00,01:00,18:00-26:00,01:00,18:00-26:00,01:00,18:00-26:00,01:00,휴무,01:00,070-7543-8353
2023-08-07 11:12:29,yeoksamdong,강남 시소,이자카야,4.31,213,서울 강남구 역삼로3길 14 B1층,17:30-24:00,23:00,17:30-24:00,23:00,17:30-24:00,23:00,17:30-24:00,23:00,17:30-24:00,23:00,17:30-23:50,22:50,휴무,23:00,0507-1488-2073
2023-08-07 11:12:29,yeoksamdong,바코드플러스,와인,4.31,68,서울 강남구 논현로85길 47 2층,11:40-24:30,14:00 - 18:00 브레이크타임,11:40-24:30,14:00 - 18:00 브레이크타임,11:40-24:30,14:00 - 18:00 브레이크타임,11:40-24:30,14:00 - 18:00 브레이크타임,11:40-24:30,14:00 - 18:00 브레이크타임,휴무,정보 없음,휴무,14:00 - 18:00 브레이크타임,02-501-8355
2023-08-07 11:12:29,yeoksamdong,디귿,바(BAR),0.0,37,서울 강남구 테헤란로6길 45 1층,11:00-24:00,정보 없음,11:00-24:00,정보 없음,11:00-24:00,정보 없음,11:00-24:00,정보 없음,11:00-24:00,정보 없음,14:00-24:00,정보 없음,휴무,정보 없음,02-6949-0664
2023-08-07 11:12:29,yeoksamdong,세브니카,와인,4.67,541,"서울 강남구 테헤란로4길 6 센트럴푸르지오시티 106, 107, 108호",11:00-23:00,15:00 - 16:00 브레이크타임,11:00-23:00,15:00 - 16:00 브레이크타임,11:00-23:00,15:00 - 16:00 브레이크타임,11:00-23:00,15:00 - 16:00 브레이크타임,11:00-23:00,15:00 - 16:00 브레이크타임,11:00-22:00,15:00 - 16:00 브레이크타임,휴무,15:00 - 16:00 브레이크타임,0507-1441-8121
2023-08-07 11:12:29,yeoksamdong,엠플라운지,"맥주,호프",0.0,47,서울 강남구 논현로 404 지하1층 엠플라운지,18:00-24:00,정보 없음,18:00-24:00,정보 없음,18:00-24:00,정보 없음,18:00-24:00,정보 없음,18:00-24:00,정보 없음,18:00-24:00,정보 없음,휴무,정보 없음,0507-1412-7847
2023-08-07 11:12:29,yeoksamdong,카타죠우,이자카야,0.0,29,서울 강남구 언주로93길 28-8 코넬빌딩 1층 2호,17:00-25:00,00:00,17:00-25:00,00:00,17:00-25:00,00:00,17:00-25:00,00:00,17:00-26:00,01:00,17:00-26:00,01:00,휴무,00:00,0507-1357-2471
2023-08-07 11:12:29,yeoksamdong,더레드,"맥주,호프",4.06,139,서울 강남구 테헤란로43길 26,17:00-24:30,정보 없음,17:00-24:30,정보 없음,17:00-24:30,정보 없음,17:00-24:30,정보 없음,17:00-24:30,정보 없음,17:00-24:30,정보 없음,휴무,정보 없음,02-569-1238
2023-08-07 11:12:29,yeoksamdong,미스터포차,포장마차,4.07,87,서울 강남구 도곡로3길 26 역삼한스빌아파트,18:00-28:00,정보 없음,18:00-28:00,정보 없음,18:00-28:00,정보 없음,18:00-28:00,정보 없음,18:00-28:00,정보 없음,18:00-28:00,정보 없음,휴무,정보 없음,02-569-5691
2023-08-07 11:12:29,yeoksamdong,더위스키 역삼점,바(BAR),0.0,8,서울 강남구 강남대로94길 87 1층 더위스키 역삼점,19:00-26:00,정보 없음,19:00-26:00,정보 없음,19:00-26:00,정보 없음,19:00-26:00,정보 없음,19:00-26:00,정보 없음,휴무,정보 없음,휴무,정보 없음,0507-1358-7891
2023-08-07 11:12:29,yeoksamdong,리얼펍&살얼음맥주 강남1호역삼점,"맥주,호프",0.0,37,서울 강남구 도곡로7길 28 1층 103호,16:00-26:00,00:30,16:00-26:00,00:30,16:00-26:00,00:30,16:00-26:00,00:30,16:00-26:00,00:30,16:00-26:00,00:30,휴무,00:30,02-555-1448
2023-08-07 11:12:29,yeoksamdong,저스트어글라스오브와인,와인,4.66,56,서울 강남구 도곡로1길 10 프린스타워 4층,11:00-24:00,정보 없음,11:00-24:00,정보 없음,11:00-24:00,정보 없음,11:00-24:00,정보 없음,11:00-24:00,정보 없음,11:00-24:00,정보 없음,휴무,정보 없음,010-2535-4587
2023-08-07 11:12:29,yeoksamdong,더 위스키,바(BAR),0.0,14,서울 강남구 강남대로66길 14 1층 104호,19:00-26:00,정보 없음,19:00-26:00,정보 없음,19:00-26:00,정보 없음,19:00-26:00,정보 없음,19:00-26:00,정보 없음,휴무,정보 없음,휴무,정보 없음,02-501-7890
2023-08-07 11:12:29,yeoksamdong,비포더던,바(BAR),0.0,86,서울 강남구 언주로98길 13 지하1층,18:00-26:00,정보 없음,18:00-26:00,정보 없음,18:00-26:00,정보 없음,18:00-26:00,정보 없음,18:00-26:00,정보 없음,휴무,정보 없음,휴무,정보 없음,02-552-5527
2023-08-07 11:12:29,yeoksamdong,십앤칠,와인,0.0,34,서울 강남구 논현로80길 9 1층,11:00-24:00,17:00 - 19:00 브레이크타임,11:00-24:00,17:00 - 19:00 브레이크타임,11:00-24:00,17:00 - 19:00 브레이크타임,11:00-24:00,17:00 - 19:00 브레이크타임,11:00-26:00,17:00 - 19:00 브레이크타임,휴무,정보 없음,휴무,17:00 - 19:00 브레이크타임,0507-1382-2852
2023-08-07 11:12:29,yeoksamdong,맥주를듣는사람들 ARK,"맥주,호프",4.3,109,서울 강남구 테헤란로55길 17 지하1층,16:30-25:00,00:30,16:30-25:00,00:30,16:30-25:00,00:30,16:30-25:00,00:30,16:30-25:00,00:30,16:30-25:00,00:30,휴무,00:30,0507-1328-2667
2023-08-07 11:12:29,yeoksamdong,봉구비어 강남역2호점,"맥주,호프",0.0,583,서울 강남구 봉은사로18길 90 2층,17:00-26:00,정보 없음,17:00-26:00,정보 없음,17:00-26:00,정보 없음,17:00-26:00,정보 없음,15:00-26:00,정보 없음,15:00-26:00,정보 없음,15:00-26:00,정보 없음,02-565-7573
2023-08-07 11:12:29,yeoksamdong,Sueno,와인,4.65,67,서울 강남구 테헤란로25길 26 1층,10:00-26:00,정보 없음,10:00-26:00,정보 없음,10:00-26:00,정보 없음,10:00-26:00,정보 없음,10:00-26:00,정보 없음,10:00-26:00,정보 없음,10:00-26:00,정보 없음,02-539-5592
2023-08-07 11:12:29,yeoksamdong,포도 강남역점,와인,0.0,182,서울 강남구 강남대로 396 강남역 지하상가 6번출구 바로아래,11:00-23:00,정보 없음,11:00-23:00,정보 없음,11:00-23:00,정보 없음,11:00-23:00,정보 없음,11:00-23:00,정보 없음,11:00-23:00,정보 없음,11:00-23:00,정보 없음,070-4150-5123
2023-08-07 11:12:29,yeoksamdong,야신,이자카야,4.66,87,서울 강남구 언주로98길 5-4 1층,17:30-24:30,23:30,17:30-24:30,23:30,17:30-24:30,23:30,17:30-24:30,23:30,17:30-24:30,23:30,17:30-24:30,23:30,휴무,23:30,0507-1303-5792
2023-08-07 11:12:29,yeoksamdong,케씨펍,요리주점,0.0,51,서울 강남구 봉은사로2길 10 2층,18:00-27:00,정보 없음,18:00-27:00,정보 없음,18:00-27:00,정보 없음,18:00-27:00,정보 없음,18:00-27:00,정보 없음,18:00-27:00,정보 없음,18:00-27:00,정보 없음,02-565-5465
2023-08-07 11:12:29,yeoksamdong,맥주여행,"맥주,호프",0.0,234,서울 강남구 선릉로93길 9 장원빌딩 2층,17:30-26:00,정보 없음,17:30-26:00,정보 없음,17:30-26:00,정보 없음,17:30-26:00,정보 없음,17:30-26:00,정보 없음,17:30-26:00,정보 없음,휴무,정보 없음,02-563-5955
2023-08-07 11:12:29,yeoksamdong,맥주마켓펍,"맥주,호프",4.6,235,서울 강남구 역삼로3길 22,17:00-27:00,정보 없음,17:00-27:00,정보 없음,17:00-27:00,정보 없음,17:00-27:00,정보 없음,17:00-28:00,정보 없음,17:00-28:00,정보 없음,17:00-26:00,정보 없음,0507-1311-8770
2023-08-07 11:12:29,yeoksamdong,유메,이자카야,0.0,8,서울 강남구 역삼로37길 3 1층 102호,11:00-23:00,15:00 - 17:00 브레이크타임,11:00-23:00,15:00 - 17:00 브레이크타임,11:00-23:00,15:00 - 17:00 브레이크타임,11:00-23:00,15:00 - 17:00 브레이크타임,11:00-23:00,15:00 - 17:00 브레이크타임,11:00-15:00,14:00,휴무,15:00 - 17:00 브레이크타임,0507-1319-7445
2023-08-07 11:12:29,yeoksamdong,탄 역삼점,이자카야,4.28,196,서울 강남구 언주로87길 44,정보 없음,정보 없음,정보 없음,정보 없음,정보 없음,정보 없음,정보 없음,정보 없음,정보 없음,정보 없음,정보 없음,정보 없음,정보 없음,정보 없음,02-555-3442
2023-08-07 11:12:29,yeoksamdong,명오뎅빠이자까야,이자카야,4.35,171,서울 강남구 역삼로4길 16,11:00-26:00,14:00 - 17:00 브레이크타임,11:00-26:00,14:00 - 17:00 브레이크타임,11:00-26:00,14:00 - 17:00 브레이크타임,11:00-26:00,14:00 - 17:00 브레이크타임,11:00-26:00,14:00 - 17:00 브레이크타임,11:00-26:00,14:00 - 17:00 브레이크타임,11:00-26:00,14:00 - 17:00 브레이크타임,02-565-9415
2023-08-07 11:12:29,yeoksamdong,AllBarOne Dublin,바(BAR),4.25,291,서울 강남구 강남대로 442 흥국생명 별관 더블린 2층,16:00-25:30,정보 없음,16:00-25:30,정보 없음,16:00-25:30,정보 없음,16:00-25:30,정보 없음,16:00-25:30,정보 없음,16:00-25:30,정보 없음,16:00-25:30,정보 없음,02-538-2556
2023-08-07 11:12:29,yeoksamdong,바라바,바(BAR),0.0,3,서울 강남구 테헤란로 128 지하1층,20:00-26:00,00:30,20:00-26:00,00:30,20:00-26:00,00:30,20:00-26:00,00:30,20:00-26:00,00:30,20:00-27:00,01:30,20:00-27:00,00:30,02-556-6876
2023-08-07 11:12:29,yeoksamdong,FR13ND PUB,"맥주,호프",4.42,37,서울 강남구 논현로71길 8 1층 FR13ND PUB,19:00-25:00,정보 없음,19:00-25:00,정보 없음,19:00-25:00,정보 없음,19:00-25:00,정보 없음,19:00-25:00,정보 없음,20:00-24:00,정보 없음,휴무,정보 없음,0507-1338-4798
2023-08-07 11:12:29,yeoksamdong,펍뉴욕,"맥주,호프",0.0,25,서울 강남구 논현로63길 16 111호,18:00-25:00,정보 없음,18:00-25:00,정보 없음,18:00-25:00,정보 없음,18:00-25:00,정보 없음,18:00-25:00,정보 없음,18:00-25:00,정보 없음,휴무,정보 없음,0507-1415-6331
2023-08-07 11:12:29,yeoksamdong,탑에스바,와인,0.0,6,서울 강남구 역삼로 106 BIEL106 1층 101호,19:00-26:00,정보 없음,19:00-26:00,정보 없음,19:00-26:00,정보 없음,19:00-26:00,정보 없음,19:00-26:00,정보 없음,19:00-26:00,정보 없음,휴무,정보 없음,0507-1398-1216
2023-08-07 11:12:29,yeoksamdong,타임즈,바(BAR),0.0,0,서울 강남구 테헤란로25길 42 지하1층,11:00-29:00,정보 없음,11:00-29:00,정보 없음,11:00-29:00,정보 없음,11:00-29:00,정보 없음,11:00-29:00,정보 없음,11:00-29:00,정보 없음,11:00-29:00,정보 없음,010-2145-9585
2023-08-07 11:12:29,yeoksamdong,셀라비,와인,0.0,38,서울 강남구 테헤란로5길 31,18:00-24:00,정보 없음,18:00-24:00,정보 없음,18:00-24:00,정보 없음,18:00-24:00,정보 없음,18:00-25:00,정보 없음,18:00-25:00,정보 없음,휴무,정보 없음,0507-1305-7351
2023-08-07 11:12:29,yeoksamdong,강남 돔 가라오케 노래방 파티 룸,유흥주점,0.0,0,서울 강남구 봉은사로22길 63 B101호,00:00-24:00,정보 없음,00:00-24:00,정보 없음,00:00-24:00,정보 없음,00:00-24:00,정보 없음,00:00-24:00,정보 없음,00:00-24:00,정보 없음,00:00-24:00,정보 없음,0507-1467-6012
2023-08-07 11:12:29,yeoksamdong,메종드 위스키,바(BAR),0.0,12,서울 강남구 테헤란로4길 46 1층 상가 127호,18:00-26:00,정보 없음,18:00-26:00,정보 없음,18:00-26:00,정보 없음,18:00-26:00,정보 없음,18:00-26:00,정보 없음,18:00-26:00,정보 없음,휴무,정보 없음,02-554-5212
2023-08-07 11:12:29,yeoksamdong,WHISKY BARREL,바(BAR),0.0,5,서울 강남구 논현로85길 52 역삼푸르지오시티 상가 1층 위스키배럴,19:00-27:00,정보 없음,19:00-27:00,정보 없음,19:00-27:00,정보 없음,19:00-27:00,정보 없음,19:00-27:00,정보 없음,19:00-27:00,정보 없음,휴무,정보 없음,02-501-3443
